symbol,sector,market_cap
20MICRONS.NS,Basic Materials,631
21STCENMGM.NS,Financial Services,37
360ONE.NS,Financial Services,43059
3BBLACKBIO.NS,,0
3IINFOLTD.NS,Technology,362
3MINDIA.NS,Industrials,37799
3PLAND.NS,Unknown,0
5PAISA.NS,Financial Services,1609
63MOONS.NS,Technology,8444
A2ZINFRA.NS,Industrials,297
AAATECH.NS,Technology,128
AADHARHFC.NS,Financial Services,21621
AAKASH.NS,Energy,83
AAREYDRUGS.NS,Healthcare,257
AARNAV.NS,,0
AARON.NS,Industrials,287
AARTECH.NS,Industrials,154
AARTIDRUGS.NS,Healthcare,3510
AARTIIND.NS,Basic Materials,18681
AARTIPHARM.NS,Healthcare,6991
AARTISURF.NS,Basic Materials,356
AARVI.NS,Industrials,184
AAVAS.NS,Financial Services,10941
ABAN.NS,Energy,101
ABANSENT.NS,,0
ABB.NS,Industrials,153633
ABBOTINDIA.NS,Healthcare,54568
ABCAPITAL.NS,Financial Services,92609
ABCOTS.NS,Consumer Cyclical,479
ABDL.NS,Consumer Defensive,14768
ABFRL.NS,Consumer Cyclical,7752
ABINFRA.NS,Industrials,1016
ABLBL.NS,Consumer Cyclical,12616
ABMINTLLTD.NS,Basic Materials,41
ABMKNO.NS,,0
ABREL.NS,Real Estate,16706
ABSLAMC.NS,Financial Services,30016
ACC.NS,Basic Materials,26800
ACCELYA.NS,Technology,1716
ACCURACY.NS,Industrials,76
ACE.NS,Industrials,10613
ACEINTEG.NS,Industrials,22
ACI.NS,Basic Materials,7520
ACL.NS,Basic Materials,515
ACMESOLAR.NS,Utilities,18316
ACSTECH.NS,,0
ACUTAAS.NS,Basic Materials,21478
ADANIENSOL.NS,Utilities,168443
ADANIENT.NS,Energy,343558
ADANIGREEN.NS,Utilities,213045
ADANIPORTS.NS,Industrials,399967
ADANIPOWER.NS,Utilities,439710
ADFFOODS.NS,Consumer Defensive,2908
ADL.NS,Consumer Cyclical,43
ADOR.NS,Industrials,1849
ADROITINFO.NS,Technology,57
ADSL.NS,Technology,664
ADVAIT.NS,Industrials,2245
ADVANCE.NS,Basic Materials,714
ADVANIHOTR.NS,Consumer Cyclical,502
ADVENTHTL.NS,Consumer Cyclical,878
ADVENZYMES.NS,Basic Materials,4003
AEGISLOG.NS,Energy,25131
AEGISVOPAK.NS,Energy,21408
AEPL.NS,Industrials,466
AEQUS.NS,Industrials,12336
AEROENTER.NS,Basic Materials,1054
AEROFLEX.NS,Industrials,3968
AERONEU.NS,Consumer Cyclical,226
AETHER.NS,Basic Materials,16886
AFCONS.NS,Industrials,12363
AFFLE.NS,Communication Services,19743
AFFORDABLE.NS,Industrials,208
AFIL.NS,Financial Services,392
AFSL.NS,Financial Services,1027
AGARIND.NS,Basic Materials,633
AGARWALEYE.NS,Healthcare,14542
AGI.NS,Consumer Cyclical,4127
AGIIL.NS,Real Estate,5054
AGRITECH.NS,Consumer Defensive,65
AGROPHOS.NS,Basic Materials,63
AGSTRA.NS,Technology,33
AHCL.NS,Healthcare,704
AHLADA.NS,Industrials,60
AHLEAST.NS,Consumer Cyclical,278
AHLUCONT.NS,Industrials,6028
AHLWEST.NS,Consumer Cyclical,442
AIAENG.NS,Industrials,36940
AIIL.NS,Financial Services,39781
AIRAN.NS,Technology,211
AIROLAM.NS,Consumer Cyclical,129
AJANTPHARM.NS,Healthcare,36439
AJAXENGG.NS,Industrials,6063
AJMERA.NS,Real Estate,2494
AJOONI.NS,Consumer Defensive,74
AKASH.NS,Industrials,45
AKCAPIT.NS,,0
AKG.NS,Industrials,37
AKI.NS,Consumer Cyclical,53
AKSHAR.NS,Consumer Cyclical,37
AKSHARCHEM.NS,Basic Materials,163
AKSHOPTFBR.NS,Technology,96
AKUMS.NS,Healthcare,8520
ALANKIT.NS,Technology,252
ALBERTDAVD.NS,Healthcare,413
ALEMBICLTD.NS,Real Estate,2372
ALGOQUANT.NS,Financial Services,1545
ALICON.NS,Industrials,1202
ALIVUS.NS,Healthcare,13161
ALKALI.NS,Basic Materials,68
ALKEM.NS,Healthcare,64086
ALKYLAMINE.NS,Basic Materials,8233
ALLCARGO.NS,Industrials,1460
ALLDIGI.NS,Industrials,1262
ALLTIME.NS,Consumer Defensive,1593
ALMONDZ.NS,Financial Services,290
ALOKINDS.NS,Consumer Cyclical,7085
ALPA.NS,Healthcare,142
ALPHAGEO.NS,Energy,139
AMAGI.NS,Technology,9137
AMANTA.NS,Healthcare,547
AMBALALSA.NS,Healthcare,0
AMBER.NS,Consumer Cyclical,28068
AMBICAAGAR.NS,Consumer Defensive,40
AMBIKCO.NS,Consumer Cyclical,900
AMBUJACEM.NS,Basic Materials,111630
AMDIND.NS,Consumer Cyclical,88
AMIRCHAND.NS,Consumer Defensive,0
AMJLAND.NS,Real Estate,172
AMNPLST.NS,Basic Materials,910
AMRUTANJAN.NS,Healthcare,1658
ANANDRATHI.NS,Financial Services,29887
ANANTRAJ.NS,Real Estate,18323
ANDHRAPAP.NS,Basic Materials,1359
ANDHRSUGAR.NS,Basic Materials,1332
ANGELONE.NS,Financial Services,28208
ANIKINDS.NS,Consumer Defensive,122
ANKITMETAL.NS,Basic Materials,23
ANMOL.NS,Energy,67
ANSALAPI.NS,Real Estate,60
ANTELOPUS.NS,Energy,2433
ANTGRAPHIC.NS,Consumer Cyclical,13
ANTHEM.NS,Healthcare,43139
ANUHPHR.NS,Healthcare,812
ANUP.NS,Industrials,4186
ANURAS.NS,Basic Materials,15435
APARINDS.NS,Industrials,49607
APCL.NS,Basic Materials,331
APCOTEXIND.NS,Basic Materials,2058
APEX.NS,Consumer Defensive,1469
APLAPOLLO.NS,Basic Materials,52205
APLLTD.NS,Healthcare,15121
APOLLO.NS,Industrials,11096
APOLLOHOSP.NS,Healthcare,111634
APOLLOPIPE.NS,Industrials,1984
APOLLOTYRE.NS,Consumer Cyclical,26394
APOLSINHOT.NS,Industrials,299
APTECHT.NS,Consumer Defensive,612
APTUS.NS,Financial Services,13324
AQYLON.NS,Communication Services,1262
ARCHIDPLY.NS,Basic Materials,172
ARCHIES.NS,Consumer Cyclical,51
ARE&M.NS,Industrials,16141
ARENTERP.NS,Basic Materials,12
ARFIN.NS,Basic Materials,1595
ARIES.NS,Basic Materials,489
ARIHANT.NS,Real Estate,803
ARIHANTCAP.NS,Financial Services,800
ARIHANTSUP.NS,Real Estate,1231
ARIS.NS,Industrials,1130
ARKADE.NS,Real Estate,2336
ARMANFIN.NS,Financial Services,1603
AROGRANITE.NS,Industrials,41
ARROWGREEN.NS,Consumer Cyclical,814
ARSHIYA.NS,Industrials,34
ARSSBL.NS,Financial Services,3792
ARTEMISMED.NS,,0
ARTNIRMAN.NS,Real Estate,109
ARVEE.NS,Basic Materials,188
ARVIND.NS,Consumer Cyclical,10544
ARVINDFASN.NS,Consumer Cyclical,5725
ARVSMART.NS,Real Estate,2896
ASAHIINDIA.NS,Consumer Cyclical,21348
ASAHISONG.NS,Basic Materials,294
ASAL.NS,Consumer Cyclical,826
ASALCBR.NS,Consumer Defensive,1798
ASHAPURMIN.NS,Basic Materials,6125
ASHIANA.NS,Real Estate,3474
ASHIKA.NS,,0
ASHIMASYN.NS,Real Estate,313
ASHOKA.NS,Industrials,3786
ASHOKAMET.NS,Basic Materials,42
ASHOKLEY.NS,Industrials,95655
ASIANENE.NS,Energy,1433
ASIANHOTNR.NS,Consumer Cyclical,1270
ASIANPAINT.NS,Basic Materials,238127
ASIANTILES.NS,Industrials,1883
ASKAUTOLTD.NS,Consumer Cyclical,8960
ASMS.NS,Technology,240
ASPINWALL.NS,Consumer Defensive,179
ASTAR.NS,,0
ASTEC.NS,Basic Materials,1568
ASTERDM.NS,Healthcare,38602
ASTRAL.NS,Industrials,42097
ASTRAMICRO.NS,Technology,10799
ASTRAZEN.NS,Healthcare,20568
ASTRON.NS,Basic Materials,20
ATALREAL.NS,Industrials,330
ATAM.NS,Industrials,92
ATGL.NS,Utilities,71212
ATHERENERG.NS,Consumer Cyclical,35473
ATL.NS,Industrials,764
ATLANTAA.NS,Industrials,342
ATLANTAELE.NS,Industrials,12849
ATLASCYCLE.NS,Consumer Cyclical,66
ATUL.NS,Basic Materials,20378
ATULAUTO.NS,Consumer Cyclical,1380
AUBANK.NS,Financial Services,77088
AURIGROW.NS,Industrials,21
AURIONPRO.NS,Technology,4839
AUROPHARMA.NS,Healthcare,80528
AURUM.NS,Real Estate,1382
AUSOMENT.NS,Financial Services,202
AUTOAXLES.NS,Consumer Cyclical,2763
AUTOIND.NS,Consumer Cyclical,298
AVADHSUGAR.NS,Consumer Defensive,988
AVAILFC.NS,,0
AVALON.NS,Technology,7029
AVANTEL.NS,Technology,4023
AVANTIFEED.NS,Consumer Defensive,18570
AVG.NS,Industrials,256
AVL.NS,Consumer Cyclical,6844
AVONMORE.NS,Financial Services,348
AVROIND.NS,Consumer Cyclical,169
AVTNPL.NS,Basic Materials,1061
AWFIS.NS,Industrials,2535
AWHCL.NS,Industrials,1459
AWL.NS,Consumer Defensive,26043
AXISBANK.NS,Financial Services,397466
AXISCADES.NS,Industrials,8944
AXITA.NS,Consumer Cyclical,309
AYE.NS,Financial Services,3220
AYMSYNTEX.NS,Consumer Cyclical,1364
AZAD.NS,Industrials,14111
BAFNAPH.NS,Healthcare,324
BAGFILMS.NS,Communication Services,109
BAIDFIN.NS,Financial Services,175
BAJAJ-AUTO.NS,Consumer Cyclical,287973
BAJAJCON.NS,Consumer Defensive,6056
BAJAJELEC.NS,Consumer Cyclical,4605
BAJAJFINSV.NS,Financial Services,282725
BAJAJHCARE.NS,Healthcare,1110
BAJAJHFL.NS,Financial Services,72459
BAJAJHIND.NS,Consumer Defensive,4859
BAJAJHLDNG.NS,Financial Services,117303
BAJAJINDEF.NS,Industrials,950
BAJAJST.NS,,0
BAJEL.NS,Utilities,2169
BAJFINANCE.NS,Financial Services,595796
BALAJEE.NS,Consumer Cyclical,268
BALAJITELE.NS,Communication Services,1294
BALAMINES.NS,Basic Materials,4737
BALAXI.NS,Healthcare,149
BALKRISHNA.NS,Consumer Cyclical,59
BALKRISIND.NS,Consumer Cyclical,42670
BALMLAWRIE.NS,Industrials,3276
BALPHARMA.NS,Healthcare,121
BALRAMCHIN.NS,Consumer Defensive,10583
BALUFORGE.NS,Industrials,6782
BANARBEADS.NS,Consumer Cyclical,74
BANARISUG.NS,Consumer Defensive,4553
BANCOINDIA.NS,Consumer Cyclical,8982
BANDHANBNK.NS,Financial Services,33750
BANG.NS,Consumer Cyclical,52
BANKA.NS,Industrials,89
BANKBARODA.NS,Financial Services,139523
BANKINDIA.NS,Financial Services,64338
BANSALWIRE.NS,Basic Materials,4517
BANSWRAS.NS,Consumer Cyclical,408
BASF.NS,Basic Materials,16146
BASML.NS,Consumer Cyclical,202
BATAINDIA.NS,Consumer Cyclical,9347
BATLIBOI.NS,Industrials,0
BAYERCROP.NS,Basic Materials,21397
BBL.NS,Industrials,3534
BBOX.NS,Technology,12014
BBTC.NS,Consumer Defensive,10834
BBTCL.NS,Consumer Cyclical,423
BCG.NS,Communication Services,1933
BCLIND.NS,Consumer Defensive,1097
BCONCEPTS.NS,Consumer Cyclical,300
BCPL.NS,Industrials,149
BDL.NS,Industrials,50691
BEARDSELL.NS,Industrials,102
BECTORFOOD.NS,Consumer Defensive,6099
BEDMUTHA.NS,Basic Materials,348
BEEKAY.NS,,0
BEL.NS,Industrials,318048
BELLACASA.NS,Consumer Cyclical,360
BELRISE.NS,Consumer Cyclical,19043
BEML.NS,Industrials,15020
BENGALASM.NS,,0
BEPL.NS,Basic Materials,2438
BERGEPAINT.NS,Basic Materials,55460
BESTAGRO.NS,Basic Materials,630
BETA.NS,Healthcare,1338
BFINVEST.NS,Financial Services,1604
BFUTILITIE.NS,Industrials,2102
BGLOBAL.NS,Technology,5
BGRENERGY.NS,Industrials,2116
BHAGCHEM.NS,Basic Materials,3382
BHAGERIA.NS,Basic Materials,750
BHAGYANGR.NS,Basic Materials,876
BHANDARI.NS,Consumer Cyclical,106
BHARATCOAL.NS,Basic Materials,0
BHARATFORG.NS,Consumer Cyclical,90903
BHARATGEAR.NS,Consumer Cyclical,167
BHARATRAS.NS,Basic Materials,2316
BHARATSE.NS,Consumer Cyclical,1213
BHARATWIRE.NS,Basic Materials,1554
BHARTIARTL.NS,Communication Services,1132770
BHARTIHEXA.NS,Communication Services,75434
BHEL.NS,Industrials,126259
BI.NS,,0
BIGBLOC.NS,Industrials,691
BIKAJI.NS,Consumer Defensive,17175
BIL.NS,Consumer Cyclical,1037
BILVYAPAR.NS,Basic Materials,16
BIMETAL.NS,Consumer Cyclical,0
BIOCON.NS,Healthcare,59202
BIOFILCHEM.NS,Healthcare,54
BIRLACABLE.NS,Technology,472
BIRLACORPN.NS,Basic Materials,7402
BIRLAMONEY.NS,Financial Services,831
BIRLANU.NS,Industrials,1061
BIRLAPREC.NS,,0
BLACKBUCK.NS,Technology,10307
BLACKROSE.NS,,0
BLAL.NS,Financial Services,799
BLBLIMITED.NS,Financial Services,92
BLIL.NS,,0
BLISSGVS.NS,Healthcare,2903
BLKASHYAP.NS,Industrials,1324
BLS.NS,Industrials,11531
BLSE.NS,Industrials,1787
BLUECHIP.NS,Financial Services,10
BLUECOAST.NS,Consumer Cyclical,54
BLUEDART.NS,Industrials,13536
BLUEJET.NS,Healthcare,8239
BLUESTARCO.NS,Industrials,36934
BLUESTONE.NS,Consumer Cyclical,7805
BLUSPRING.NS,Industrials,965
BMWVENTLTD.NS,Basic Materials,560
BNAGROCHEM.NS,,0
BNALTD.NS,,0
BODALCHEM.NS,Basic Materials,848
BOHRAIND.NS,Basic Materials,19
BOMDYEING.NS,Consumer Cyclical,2735
BONLON.NS,Basic Materials,83
BORANA.NS,Consumer Cyclical,910
BOROLTD.NS,Consumer Cyclical,3002
BORORENEW.NS,Technology,7272
BOROSCI.NS,Consumer Cyclical,1040
BOSCH-HCIL.NS,Consumer Cyclical,3812
BOSCHLTD.NS,Consumer Cyclical,106486
BPCL.NS,Energy,131847
BPL.NS,Technology,277
BRIGADE.NS,Real Estate,19492
BRIGHOTEL.NS,Consumer Cyclical,2546
BRITANNIA.NS,Consumer Defensive,140113
BRNL.NS,Industrials,176
BROOKS.NS,Healthcare,169
BSE.NS,Financial Services,151059
BSHSL.NS,Basic Materials,1044
BSL.NS,Consumer Cyclical,131
BSOFT.NS,Technology,10238
BTML.NS,Communication Services,118
BTTL.NS,Consumer Cyclical,0
BUILDPRO.NS,Consumer Cyclical,2673
BUTTERFLY.NS,Consumer Cyclical,1081
BVCL.NS,Basic Materials,100
BYKE.NS,Consumer Cyclical,186
CALSOFT.NS,Technology,106
CAMLINFINE.NS,Basic Materials,2531
CAMPUS.NS,Consumer Cyclical,7637
CAMS.NS,Technology,18385
CANBK.NS,Financial Services,124286
CANFINHOME.NS,Financial Services,11886
CANHLIFE.NS,Financial Services,13545
CANTABIL.NS,Consumer Cyclical,2065
CAPACITE.NS,Industrials,2156
CAPILLARY.NS,Technology,4340
CAPITALSFB.NS,Financial Services,1260
CAPLIPOINT.NS,Healthcare,13394
CAPTRUST.NS,Financial Services,45
CARBORUNIV.NS,Industrials,18668
CARERATING.NS,Financial Services,5105
CARRARO.NS,Consumer Cyclical,3267
CARTRADE.NS,Consumer Cyclical,7997
CARYSIL.NS,Consumer Cyclical,2597
CASTROLIND.NS,Energy,18433
CCAVENUE.NS,Technology,4880
CCCL.NS,Industrials,722
CCHHL.NS,Consumer Cyclical,225
CCL.NS,Consumer Defensive,15448
CDSL.NS,Financial Services,25993
CEATLTD.NS,Consumer Cyclical,13403
CEIGALL.NS,Industrials,5833
CEINSYS.NS,Industrials,2244
CELEBRITY.NS,Consumer Cyclical,51
CELLO.NS,Consumer Cyclical,9249
CEMPRO.NS,Industrials,14608
CENTENKA.NS,Consumer Cyclical,935
CENTEXT.NS,Basic Materials,171
CENTRALBK.NS,Financial Services,32322
CENTRUM.NS,Financial Services,1270
CENTUM.NS,Technology,4180
CENTURYPLY.NS,Basic Materials,18052
CERA.NS,Industrials,6846
CEREBRAINT.NS,Industrials,51
CESC.NS,Utilities,26584
CEWATER.NS,Utilities,649
CGCL.NS,Financial Services,18226
CGPOWER.NS,Industrials,128475
CHALET.NS,Consumer Cyclical,16561
CHAMBLFERT.NS,Basic Materials,17831
CHEMBOND.NS,Basic Materials,205
CHEMBONDCH.NS,Basic Materials,430
CHEMCON.NS,Basic Materials,598
CHEMFAB.NS,Basic Materials,592
CHEMPLASTS.NS,Basic Materials,3697
CHENNPETRO.NS,Energy,16724
CHEVIOT.NS,Consumer Cyclical,709
CHOICEIN.NS,Financial Services,15048
CHOLAFIN.NS,Financial Services,138144
CHOLAHLDNG.NS,Financial Services,31837
CIEINDIA.NS,Consumer Cyclical,18228
CIFL.NS,Financial Services,1101
CIGNITITEC.NS,Technology,3192
CINELINE.NS,Communication Services,294
CINEVISTA.NS,Communication Services,87
CIPLA.NS,Healthcare,107338
CLCIND.NS,Consumer Cyclical,0
CLEAN.NS,Basic Materials,8825
CLEANMAX.NS,Utilities,13547
CLEDUCATE.NS,Consumer Defensive,246
CLSEL.NS,Consumer Defensive,1408
CMICABLES.NS,Industrials,5
CMPDI.NS,Basic Materials,0
CMSINFO.NS,Industrials,4816
CNL.NS,Technology,923
COALINDIA.NS,Energy,297474
COASTCORP.NS,Consumer Defensive,387
COCHINSHIP.NS,Industrials,45568
COCKERILL.NS,Industrials,0
COFFEEDAY.NS,Consumer Cyclical,559
COFORGE.NS,Technology,39344
COHANCE.NS,Healthcare,18401
COLPAL.NS,Consumer Defensive,58952
COMFINTE.NS,,0
COMPINFO.NS,Technology,11
COMPUSOFT.NS,Consumer Defensive,110
COMSYN.NS,Consumer Cyclical,621
CONCOR.NS,Industrials,39459
CONCORDBIO.NS,Healthcare,12574
CONFIPET.NS,Energy,1879
CONSOFINVT.NS,Financial Services,743
CONTROLPR.NS,Industrials,1065
CORALFINAC.NS,Real Estate,142
CORDSCABLE.NS,Industrials,241
COROMANDEL.NS,Basic Materials,59553
CORONA.NS,Healthcare,0
COSMOFIRST.NS,Consumer Cyclical,1882
COUNCODOS.NS,Real Estate,40
CPCAP.NS,Financial Services,177
CPEDU.NS,Consumer Defensive,365
CPPLUS.NS,Industrials,28554
CRAFTSMAN.NS,Consumer Cyclical,18540
CRAMC.NS,Financial Services,4950
CREATIVEYE.NS,Communication Services,14
CREDITACC.NS,Financial Services,21298
CREST.NS,Financial Services,1047
CRISIL.NS,Financial Services,31126
CRIZAC.NS,Consumer Defensive,3729
CROMPTON.NS,Consumer Cyclical,17869
CROWN.NS,Industrials,161
CSBBANK.NS,Financial Services,6583
CSLFINANCE.NS,Financial Services,517
CTE.NS,Technology,66
CUB.NS,Financial Services,20375
CUBEXTUB.NS,Basic Materials,143
CUMMINSIND.NS,Industrials,147539
CUPID.NS,Consumer Defensive,16940
CURAA.NS,Technology,92
CYBERMEDIA.NS,Communication Services,33
CYBERTECH.NS,Technology,398
CYIENT.NS,Industrials,9594
CYIENTDLM.NS,Technology,3153
DABUR.NS,Consumer Defensive,79709
DAICHI.NS,,0
DALBHARAT.NS,Basic Materials,37504
DALMIASUG.NS,Consumer Defensive,3249
DAMCAPITAL.NS,Financial Services,1098
DAMODARIND.NS,Consumer Cyclical,74
DANGEE.NS,Consumer Cyclical,54
DATAMATICS.NS,Technology,4343
DATAPATTNS.NS,Industrials,22609
DAVANGERE.NS,Consumer Defensive,521
DBCORP.NS,Communication Services,3965
DBEIL.NS,Industrials,403
DBL.NS,Industrials,7784
DBOL.NS,Consumer Defensive,843
DBREALTY.NS,Real Estate,6741
DBSTOCKBRO.NS,Financial Services,97
DCAL.NS,Healthcare,2936
DCBBANK.NS,Financial Services,6073
DCI.NS,Technology,467
DCM.NS,Industrials,152
DCMFINSERV.NS,Financial Services,10
DCMNVL.NS,Consumer Cyclical,291
DCMSHRIRAM.NS,Industrials,19392
DCMSIL.NS,Industrials,598
DCMSRIND.NS,Consumer Defensive,418
DCW.NS,Basic Materials,1687
DCXINDIA.NS,Industrials,2268
DDEVPLSTIK.NS,Basic Materials,2605
DECCANCE.NS,Basic Materials,933
DECNGOLD.NS,,0
DEEDEV.NS,Industrials,3032
DEEPAKFERT.NS,Basic Materials,16121
DEEPAKNTR.NS,Basic Materials,23706
DEEPINDS.NS,Energy,3066
DELHIVERY.NS,Industrials,35083
DELPHIFX.NS,Financial Services,277
DELTACORP.NS,Consumer Cyclical,1926
DELTAMAGNT.NS,Consumer Cyclical,68
DEN.NS,Communication Services,1329
DENORA.NS,Industrials,453
DENTA.NS,Industrials,758
DEVIT.NS,Technology,180
DEVX.NS,Real Estate,383
DEVYANI.NS,Consumer Cyclical,15157
DGCONTENT.NS,Communication Services,188
DHAMPURSUG.NS,Consumer Defensive,1001
DHANBANK.NS,Financial Services,1202
DHANUKA.NS,Basic Materials,4985
DHARAN.NS,Real Estate,73
DHARMAJ.NS,Basic Materials,889
DHRUV.NS,Industrials,68
DHUNINV.NS,Financial Services,574
DIACABS.NS,Industrials,8580
DIAMINESQ.NS,Basic Materials,274
DIAMONDYD.NS,Consumer Defensive,2378
DICIND.NS,Basic Materials,500
DIFFNKG.NS,Industrials,1142
DIGIDRIVE.NS,Consumer Cyclical,92
DIGISPICE.NS,Financial Services,498
DIGITIDE.NS,Industrials,1462
DIGJAMLMTD.NS,Consumer Cyclical,93
DIL.NS,Industrials,16
DISAQ.NS,,0
DISHTV.NS,Communication Services,721
DIVGIITTS.NS,Consumer Cyclical,2195
DIVISLAB.NS,Healthcare,175010
DIXON.NS,Technology,68344
DJML.NS,Industrials,306
DLF.NS,Real Estate,150276
DLINKINDIA.NS,Technology,1611
DMART.NS,Consumer Defensive,289001
DMCC.NS,Basic Materials,708
DNAMEDIA.NS,Communication Services,36
DODLA.NS,Consumer Defensive,6629
DOLATALGO.NS,Financial Services,1379
DOLLAR.NS,Consumer Cyclical,1760
DOLPHIN.NS,Energy,1654
DOMS.NS,Industrials,14222
DONEAR.NS,Consumer Cyclical,483
DPABHUSHAN.NS,Consumer Cyclical,2373
DPSCLTD.NS,Utilities,998
DPWIRES.NS,Industrials,279
DRAGARWQ.NS,,0
DRCSYSTEMS.NS,Technology,221
DREAMFOLKS.NS,Industrials,436
DREDGECORP.NS,Industrials,2731
DRREDDY.NS,Healthcare,108728
DSFCL.NS,Basic Materials,238
DSSL.NS,Technology,1449
DTIL.NS,Consumer Defensive,152
DUCON.NS,Industrials,107
DVL.NS,Financial Services,873
DWARKESH.NS,Consumer Defensive,886
DYCL.NS,Industrials,1885
DYNAMATECH.NS,Consumer Cyclical,7963
DYNPRO.NS,Basic Materials,282
E2E.NS,Technology,5673
EASEMYTRIP.NS,Consumer Cyclical,2880
EASTSILK.NS,Consumer Cyclical,29
EBGNG.NS,Technology,5155
ECLERX.NS,Technology,13203
ECOSMOBLTY.NS,Industrials,840
EDELWEISS.NS,Financial Services,11107
EDUCOMP.NS,Consumer Defensive,11
EFCIL.NS,Real Estate,2535
EICHERMOT.NS,Consumer Cyclical,198301
EIDPARRY.NS,Basic Materials,15214
EIEL.NS,Industrials,3748
EIFFL.NS,Consumer Defensive,610
EIHAHOTELS.NS,Consumer Cyclical,2035
EIHOTEL.NS,Consumer Cyclical,20490
EIMCOELECO.NS,Industrials,913
EKC.NS,Industrials,1363
ELANTAS.NS,Basic Materials,0
ELCIDIN.NS,,0
ELDEHSG.NS,Real Estate,798
ELECON.NS,Industrials,11488
ELECTCAST.NS,Industrials,5236
ELECTHERM.NS,Basic Materials,1047
ELGIEQUIP.NS,Industrials,17508
ELGIRUBCO.NS,Consumer Cyclical,267
ELIN.NS,Industrials,606
ELITECON.NS,,0
ELLEN.NS,Basic Materials,3875
ELPROINTL.NS,Unknown,2036
EMAMILTD.NS,Consumer Defensive,20111
EMAMIPAP.NS,Basic Materials,499
EMAMIREAL.NS,Real Estate,493
EMBDL.NS,Real Estate,6754
EMCURE.NS,Healthcare,33303
EMIL.NS,Consumer Cyclical,4717
EMKAY.NS,Financial Services,602
EMMBI.NS,Consumer Cyclical,164
EMMVEE.NS,Technology,17980
EMPOWER.NS,,0
EMSLIMITED.NS,Industrials,1921
EMUDHRA.NS,Technology,4090
ENDURANCE.NS,Consumer Cyclical,33491
ENERGYDEV.NS,Utilities,80
ENGINERSIN.NS,Industrials,14306
ENIL.NS,Communication Services,561
ENRIN.NS,Utilities,116974
ENTERO.NS,Healthcare,5434
EPACK.NS,Consumer Cyclical,2696
EPACKPEB.NS,Industrials,2053
EPIGRAL.NS,Basic Materials,5875
EPL.NS,Consumer Cyclical,7273
EQUIPPP.NS,Technology,175
EQUITASBNK.NS,Financial Services,8402
ERIS.NS,Healthcare,18685
ESABINDIA.NS,Industrials,10411
ESAFSFB.NS,Financial Services,1366
ESCORTS.NS,Industrials,35825
ESSARSHPNG.NS,Industrials,565
ESSENTIA.NS,Consumer Defensive,140
ESTER.NS,Basic Materials,891
ETERNAL.NS,Consumer Cyclical,229736
ETHOSLTD.NS,Consumer Cyclical,6407
EUREKAFORB.NS,Consumer Cyclical,9732
EUROBOND.NS,Industrials,426
EUROPRATIK.NS,Basic Materials,2791
EUROTEXIND.NS,Real Estate,18
EVEREADY.NS,Industrials,2425
EVERESTIND.NS,Industrials,664
EXCELINDUS.NS,Basic Materials,1229
EXCELSOFT.NS,Technology,1070
EXICOM.NS,Industrials,1593
EXIDEIND.NS,Consumer Cyclical,31853
EXPLEOSOL.NS,Technology,1295
EXXARO.NS,Industrials,306
FABTECH.NS,Healthcare,741
FACT.NS,Basic Materials,58728
FAIRCHEMOR.NS,Basic Materials,743
FAZE3Q.NS,Consumer Cyclical,1080
FCL.NS,Basic Materials,2721
FCONSUMER.NS,Consumer Defensive,69
FCSSOFT.NS,Technology,285
FDC.NS,Healthcare,5971
FEDDERSHOL.NS,,0
FEDERALBNK.NS,Financial Services,71285
FEDFINA.NS,Financial Services,5519
FEL.NS,Consumer Cyclical,23
FELDVR.NS,Consumer Cyclical,139
FERMENTA.NS,,0
FIBERWEB.NS,Consumer Cyclical,109
FIEMIND.NS,Consumer Cyclical,5977
FILATEX.NS,Consumer Cyclical,2048
FILATFASH.NS,Consumer Cyclical,208
FINCABLES.NS,Industrials,15431
FINEORG.NS,Basic Materials,14374
FINKURVE.NS,Financial Services,1032
FINOPB.NS,Financial Services,1070
FINPIPE.NS,Industrials,10808
FIRSTCRY.NS,Consumer Cyclical,11639
FISCHER.NS,Healthcare,2473
FIVESTAR.NS,Financial Services,14106
FLAIR.NS,Industrials,3425
FLEXITUFF.NS,Consumer Cyclical,23
FLFL.NS,Consumer Cyclical,32
FLUOROCHEM.NS,Basic Materials,41413
FMGOETZE.NS,Consumer Cyclical,2631
FMNL.NS,Real Estate,59
FOCUS.NS,Consumer Cyclical,538
FOODSIN.NS,Consumer Defensive,474
FORCEMOT.NS,Consumer Cyclical,25714
FORTIS.NS,Healthcare,71743
FOSECOIND.NS,Basic Materials,3567
FRACTAL.NS,Technology,16433
FRONTSP.NS,,0
FSL.NS,Technology,14937
FUSION.NS,Financial Services,3121
GABRIEL.NS,Consumer Cyclical,14847
GAEL.NS,Consumer Defensive,7203
GAIL.NS,Utilities,109527
GALAPREC.NS,Industrials,995
GALAXYSURF.NS,Basic Materials,6629
GALLANTT.NS,Basic Materials,21051
GANDHAR.NS,Energy,1373
GANDHITUBE.NS,Industrials,1050
GANECOS.NS,Consumer Cyclical,2798
GANESHBE.NS,Basic Materials,736
GANESHCP.NS,Consumer Defensive,842
GANESHHOU.NS,Real Estate,5479
GANGAFORGE.NS,Industrials,38
GANGESSECU.NS,Consumer Defensive,128
GARFIBRES.NS,Consumer Cyclical,6216
GARUDA.NS,Industrials,1611
GATECH.NS,Financial Services,64
GATECHDVR.NS,Financial Services,63
GATEWAY.NS,Industrials,2999
GAUDIUMIVF.NS,Healthcare,854
GAYAHWS.NS,Industrials,56
GAYAPROJ.NS,Industrials,873
GCSL.NS,Financial Services,834
GEECEE.NS,Real Estate,621
GEEKAYWIRE.NS,Industrials,270
GEMAROMA.NS,Basic Materials,845
GENCON.NS,Industrials,231
GENESYS.NS,Technology,1070
GENSOL.NS,Technology,84
GENUSPAPER.NS,Basic Materials,349
GENUSPOWER.NS,Industrials,8912
GEOJITFSL.NS,Financial Services,1821
GESHIP.NS,Industrials,22001
GFLLIMITED.NS,Financial Services,535
GFSTEELS.NS,Basic Materials,37
GHCL.NS,Basic Materials,4927
GHCLTEXTIL.NS,Consumer Cyclical,855
GICHSGFIN.NS,Financial Services,827
GICL.NS,Industrials,460
GICRE.NS,Financial Services,70351
GILLANDERS.NS,Consumer Defensive,202
GILLETTE.NS,Consumer Defensive,26296
GINNIFILA.NS,Consumer Cyclical,363
GIPCL.NS,Utilities,2460
GKENERGY.NS,Utilities,2620
GKSL.NS,Healthcare,1010
GKWLIMITED.NS,Industrials,1013
GLAND.NS,Healthcare,29985
GLAXO.NS,Healthcare,39742
GLENMARK.NS,Healthcare,67990
GLFL.NS,Financial Services,19
GLOBAL.NS,Consumer Defensive,512
GLOBALE.NS,Consumer Cyclical,14
GLOBALVECT.NS,Industrials,257
GLOBE.NS,Consumer Cyclical,113
GLOBECIVIL.NS,Industrials,286
GLOBUSSPR.NS,Consumer Defensive,3310
GLOSTERLTD.NS,Consumer Cyclical,702
GLOTTIS.NS,Industrials,546
GMBREW.NS,Consumer Defensive,2209
GMDCLTD.NS,Energy,23150
GMMPFAUDLR.NS,Industrials,4114
GMRAIRPORT.NS,Industrials,105230
GMRP&UI.NS,Energy,8540
GNA.NS,Consumer Cyclical,1848
GNFC.NS,Basic Materials,6989
GNRL.NS,,0
GOACARBON.NS,Basic Materials,348
GOCLCORP.NS,Basic Materials,1640
GOCOLORS.NS,Consumer Cyclical,1484
GODAVARIB.NS,Basic Materials,1641
GODFRYPHLP.NS,Consumer Defensive,35097
GODIGIT.NS,Financial Services,28144
GODREJAGRO.NS,Consumer Defensive,11274
GODREJCP.NS,Consumer Defensive,111185
GODREJIND.NS,Industrials,33091
GODREJPROP.NS,Real Estate,57566
GOKEX.NS,Consumer Cyclical,5104
GOKUL.NS,Consumer Defensive,397
GOKULAGRO.NS,Consumer Defensive,7136
GOLDENTOBC.NS,Consumer Defensive,48
GOLDIAM.NS,Consumer Cyclical,4283
GOLDTECH.NS,Technology,208
GOODLUCK.NS,Basic Materials,4308
GOODYEAR.NS,Consumer Cyclical,1807
GOPAL.NS,Consumer Defensive,3527
GOYALALUM.NS,Basic Materials,101
GPIL.NS,Basic Materials,19506
GPPL.NS,Industrials,7770
GPTHEALTH.NS,Healthcare,1169
GPTINFRA.NS,Industrials,1462
GRANDOAK.NS,,0
GRANULES.NS,Healthcare,17541
GRAPHITE.NS,Industrials,13926
GRASIM.NS,Basic Materials,193211
GRAUWEIL.NS,Basic Materials,3172
GRAVISSHO.NS,,0
GRAVITA.NS,Industrials,12236
GREAVESCOT.NS,Industrials,3943
GREENLAM.NS,Consumer Cyclical,5932
GREENPANEL.NS,Basic Materials,2763
GREENPLY.NS,Basic Materials,3298
GREENPOWER.NS,Utilities,1506
GRINDWELL.NS,Industrials,17825
GRINFRA.NS,Industrials,9182
GRMOVER.NS,Consumer Defensive,3700
GROBTEA.NS,Consumer Defensive,105
GROWW.NS,Financial Services,136394
GRPLTD.NS,Consumer Cyclical,1007
GRSE.NS,Industrials,32276
GRWRHITECH.NS,Basic Materials,9816
GSFC.NS,Basic Materials,6923
GSLSU.NS,Basic Materials,247
GSPCROP.NS,Basic Materials,2006
GSPL.NS,Utilities,16353
GSS.NS,Technology,36
GTECJAINX.NS,Consumer Defensive,20
GTL.NS,Communication Services,117
GTLINFRA.NS,Technology,1588
GTPL.NS,Communication Services,760
GUFICBIO.NS,Healthcare,2870
GUJALKALI.NS,Basic Materials,5730
GUJAPOLLO.NS,Industrials,583
GUJGASLTD.NS,Utilities,26854
GUJRAFFIA.NS,,0
GUJTHEM.NS,Healthcare,3978
GULFOILLUB.NS,Basic Materials,4916
GULFPETRO.NS,Energy,169
GULPOLY.NS,Basic Materials,1168
GVKPIL.NS,Utilities,535
GVPIL.NS,Industrials,4265
GVPTECH.NS,Technology,119
GVT&D.NS,Industrials,113915
HAL.NS,Industrials,306111
HALDER.NS,Consumer Defensive,305
HALDYNGL.NS,,0
HALEOSLABS.NS,Healthcare,453
HAPPSTMNDS.NS,Technology,5611
HAPPYFORGE.NS,Industrials,12675
HARDWYN.NS,Industrials,1328
HARIOMPIPE.NS,Basic Materials,1032
HARRMALAYA.NS,Consumer Defensive,428
HARSHA.NS,Industrials,3537
HATHWAY.NS,Communication Services,1952
HATSUN.NS,Consumer Defensive,21233
HAVELLS.NS,Industrials,78977
HAVISHA.NS,Consumer Cyclical,23
HAWKINCOOK.NS,Consumer Cyclical,0
HBESD.NS,Unknown,0
HBLENGINE.NS,Industrials,22203
HBSL.NS,Financial Services,45
HCC.NS,Industrials,5870
HCG.NS,Healthcare,8995
HCL-INSYS.NS,Technology,406
HCLTECH.NS,Technology,324570
HDBFS.NS,Financial Services,55553
HDFCAMC.NS,Financial Services,117837
HDFCBANK.NS,Financial Services,1205923
HDFCLIFE.NS,Financial Services,127603
HDIL.NS,Real Estate,97
HEADSUP.NS,Consumer Cyclical,16
HEALTHX.NS,Healthcare,887
HECPROJECT.NS,Industrials,142
HEG.NS,Industrials,11723
HEIDELBERG.NS,Basic Materials,3615
HEMIPROP.NS,Real Estate,3868
HERANBA.NS,Basic Materials,898
HERITGFOOD.NS,Consumer Defensive,3387
HEROMOTOCO.NS,Consumer Cyclical,102365
HESTERBIO.NS,Healthcare,1416
HEXATRADEX.NS,Financial Services,944
HEXT.NS,Technology,27608
HFCL.NS,Technology,18959
HGINFRA.NS,Industrials,3910
HGM.NS,Technology,67
HGS.NS,Industrials,1934
HIKAL.NS,Healthcare,2381
HILINFRA.NS,Industrials,371
HILTON.NS,Industrials,119
HIMATSEIDE.NS,Consumer Cyclical,1131
HINDALCO.NS,Basic Materials,233543
HINDCOMPOS.NS,Consumer Cyclical,678
HINDCON.NS,Basic Materials,117
HINDCOPPER.NS,Basic Materials,52315
HINDOILEXP.NS,Energy,2047
HINDPETRO.NS,Energy,80857
HINDUNILVR.NS,Consumer Defensive,552764
HINDWAREAP.NS,Consumer Cyclical,1862
HINDZINC.NS,Basic Materials,256159
HIRECT.NS,Industrials,3325
HISARMETAL.NS,Basic Materials,83
HITECH.NS,Basic Materials,1900
HITECHCORP.NS,Consumer Cyclical,242
HITECHGEAR.NS,Consumer Cyclical,1168
HLEGLAS.NS,Industrials,2254
HLVLTD.NS,Consumer Cyclical,568
HMAAGRO.NS,Consumer Defensive,1216
HMT.NS,Industrials,7584
HMVL.NS,Communication Services,494
HNDFDS.NS,Industrials,6046
HOMEFIRST.NS,Financial Services,12329
HONASA.NS,Consumer Defensive,11123
HONAUT.NS,Industrials,27727
HONDAPOWER.NS,Industrials,2363
HPAL.NS,Basic Materials,349
HPIL.NS,Basic Materials,154
HPL.NS,Industrials,2395
HSCL.NS,Basic Materials,30903
HTMEDIA.NS,Communication Services,513
HUBTOWN.NS,Real Estate,3006
HUDCO.NS,Financial Services,44918
HUHTAMAKI.NS,Consumer Cyclical,1355
HYBRIDFIN.NS,Financial Services,58
HYUNDAI.NS,Consumer Cyclical,149028
IBULLSLTD.NS,Real Estate,4846
ICDSLTD.NS,Real Estate,60
ICEMAKE.NS,Industrials,1263
ICICIAMC.NS,Financial Services,161464
ICICIBANK.NS,Financial Services,915301
ICICIGI.NS,Financial Services,87856
ICICIPRULI.NS,Financial Services,75910
ICIL.NS,Consumer Cyclical,5668
ICRA.NS,Financial Services,5259
IDBI.NS,Financial Services,80858
IDEA.NS,Communication Services,114518
IDEAFORGE.NS,Technology,3165
IDFCFIRSTB.NS,Financial Services,60667
IEX.NS,Financial Services,11320
IFBAGRO.NS,Consumer Defensive,934
IFBIND.NS,Consumer Cyclical,4874
IFCI.NS,Financial Services,15982
IFGLEXPOR.NS,Basic Materials,1394
IGARASHI.NS,Consumer Cyclical,1205
IGCL.NS,Basic Materials,408
IGIL.NS,Basic Materials,14903
IGL.NS,Utilities,23475
IGPL.NS,Basic Materials,1429
IIFL.NS,Financial Services,19585
IIFLCAPS.NS,Financial Services,9758
IITL.NS,Financial Services,379
IKIO.NS,Technology,1267
IKS.NS,Healthcare,27660
IL&FSENGG.NS,Industrials,348
IL&FSTRANS.NS,Industrials,77
IMAGICAA.NS,Communication Services,2620
IMFA.NS,Basic Materials,7758
IMPAL.NS,Consumer Cyclical,1266
IMPEXFERRO.NS,Basic Materials,15
INA.NS,Technology,0
INCREDIBLE.NS,Basic Materials,160
INDBANK.NS,Financial Services,152
INDGN.NS,Healthcare,12677
INDHOTEL.NS,Consumer Cyclical,91903
INDIACEM.NS,Basic Materials,18289
INDIAGLYCO.NS,Basic Materials,7111
INDIAMART.NS,Communication Services,12572
INDIANB.NS,Financial Services,113434
INDIANCARD.NS,Consumer Cyclical,124
INDIANHUME.NS,Industrials,1828
INDIASHLTR.NS,Financial Services,9024
INDIGO.NS,Industrials,167302
INDIGOPNTS.NS,Basic Materials,4092
INDIQUBE.NS,Real Estate,3766
INDNIPPON.NS,Consumer Cyclical,1800
INDOAMIN.NS,Basic Materials,877
INDOBORAX.NS,Basic Materials,870
INDOCO.NS,Healthcare,1981
INDOFARM.NS,Industrials,654
INDORAMA.NS,Consumer Cyclical,1003
INDOSTAR.NS,Financial Services,3498
INDOTECH.NS,Industrials,2946
INDOTHAI.NS,Financial Services,3631
INDOUS.NS,Basic Materials,208
INDOWIND.NS,Utilities,176
INDPRUD.NS,,0
INDRAMEDCO.NS,Healthcare,3792
INDSWFTLAB.NS,Healthcare,1191
INDTERRAIN.NS,Consumer Cyclical,159
INDUSINDBK.NS,Financial Services,72764
INDUSTOWER.NS,Communication Services,104299
INFOBEAN.NS,Technology,1702
INFOMEDIA.NS,Financial Services,28
INFY.NS,Technology,476289
INGERRAND.NS,Industrials,13815
INNOVACAP.NS,Healthcare,4801
INNOVANA.NS,Technology,828
INNOVISION.NS,Industrials,776
INOXGREEN.NS,Utilities,7377
INOXINDIA.NS,Industrials,13532
INOXWIND.NS,Industrials,17787
INSECTICID.NS,Basic Materials,2062
INSPIRISYS.NS,Technology,335
INTELLECT.NS,Technology,10251
INTENTECH.NS,Technology,231
INTERARCH.NS,Industrials,3503
INTLCONV.NS,Industrials,520
INVENTURE.NS,Financial Services,107
INVPRECQ.NS,,0
IOB.NS,Financial Services,67109
IOC.NS,Energy,203162
IOLCP.NS,Healthcare,2830
IONEXCHANG.NS,Industrials,4898
IPCALAB.NS,Healthcare,39209
IPL.NS,Basic Materials,1745
IRB.NS,Industrials,26474
IRCON.NS,Industrials,14554
IRCTC.NS,Consumer Cyclical,44407
IREDA.NS,Financial Services,38494
IRFC.NS,Financial Services,137925
IRIS.NS,Technology,497
IRISDOREME.NS,Consumer Cyclical,618
IRMENERGY.NS,Utilities,1467
ISFT.NS,Consumer Cyclical,122
ISGEC.NS,Industrials,8075
ISHANCH.NS,Basic Materials,165
ITC.NS,Consumer Defensive,393362
ITCHOTELS.NS,Consumer Cyclical,34000
ITDC.NS,Consumer Cyclical,5079
ITI.NS,Technology,28996
IVALUE.NS,Technology,1431
IVC.NS,Financial Services,252
IVP.NS,Basic Materials,151
IWP.NS,,0
IXIGO.NS,Consumer Cyclical,7450
IZMO.NS,Technology,1053
J&KBANK.NS,Financial Services,14519
JAGRAN.NS,Communication Services,1460
JAGSNPHARM.NS,Healthcare,1380
JAIBALAJI.NS,Basic Materials,7673
JAICORPLTD.NS,Basic Materials,2097
JAINREC.NS,Basic Materials,16519
JAIPURKURT.NS,Consumer Cyclical,56
JAMNAAUTO.NS,Consumer Cyclical,4926
JARO.NS,Consumer Defensive,947
JASH.NS,Industrials,2674
JAYAGROGN.NS,Basic Materials,591
JAYBARMARU.NS,Consumer Cyclical,1021
JAYKAY.NS,Industrials,2363
JAYNECOIND.NS,Basic Materials,11074
JAYSREETEA.NS,Consumer Defensive,271
JBCHEPHARM.NS,Healthcare,33561
JBMA.NS,Consumer Cyclical,14976
JETFREIGHT.NS,Industrials,93
JGCHEM.NS,Basic Materials,1621
JHS.NS,Consumer Defensive,78
JINDALPHOT.NS,Financial Services,1143
JINDALPOLY.NS,Consumer Cyclical,3216
JINDALSAW.NS,Basic Materials,14745
JINDALSTEL.NS,Basic Materials,128356
JINDRILL.NS,Energy,1561
JINDWORLD.NS,Consumer Cyclical,2636
JIOFIN.NS,Financial Services,166623
JISLDVREQS.NS,Industrials,1782
JISLJALEQS.NS,Industrials,2468
JITFINFRA.NS,Industrials,768
JKCEMENT.NS,Basic Materials,42188
JKIL.NS,Industrials,3949
JKIPL.NS,Industrials,337
JKLAKSHMI.NS,Basic Materials,8226
JKPAPER.NS,Basic Materials,6781
JKTYRE.NS,Consumer Cyclical,11746
JLHL.NS,Healthcare,8183
JMA.NS,Consumer Cyclical,203
JMFINANCIL.NS,Financial Services,13598
JNKINDIA.NS,Industrials,2059
JOCIL.NS,Basic Materials,119
JPOLYINVST.NS,Financial Services,1173
JPPOWER.NS,Utilities,13706
JSFB.NS,Financial Services,4858
JSL.NS,Basic Materials,64708
JSLL.NS,Healthcare,8525
JSWCEMENT.NS,Basic Materials,16488
JSWDULUX.NS,Unknown,13434
JSWENERGY.NS,Utilities,98509
JSWHL.NS,Industrials,13839
JSWINFRA.NS,Industrials,57276
JSWSTEEL.NS,Basic Materials,309716
JTEKTINDIA.NS,Consumer Cyclical,3844
JTLIND.NS,Basic Materials,3136
JUBLCPL.NS,Basic Materials,2621
JUBLFOOD.NS,Consumer Cyclical,31710
JUBLINGREA.NS,Basic Materials,11402
JUBLPHARMA.NS,Healthcare,14912
JUNIPER.NS,Consumer Cyclical,4686
JUSTDIAL.NS,Communication Services,4524
JWL.NS,Industrials,12348
JYOTHYLAB.NS,Consumer Defensive,9894
JYOTICNC.NS,Industrials,17287
JYOTISTRUC.NS,Industrials,1555
KABRAEXTRU.NS,Industrials,862
KAJARIACER.NS,Industrials,17879
KAKATCEM.NS,Basic Materials,107
KALAMANDIR.NS,Consumer Cyclical,1523
KALPATARU.NS,Real Estate,6866
KALYANI.NS,Consumer Cyclical,13
KALYANIFRG.NS,Consumer Cyclical,222
KALYANKJIL.NS,Consumer Cyclical,43049
KAMAHOLD.NS,,0
KAMATHOTEL.NS,Consumer Cyclical,503
KAMDHENU.NS,Basic Materials,670
KAMOPAINTS.NS,Basic Materials,180
KANANIIND.NS,Consumer Cyclical,32
KANCHI.NS,,0
KANORICHEM.NS,Basic Materials,387
KANPRPLA.NS,Consumer Cyclical,518
KANSAINER.NS,Basic Materials,16260
KAPSTON.NS,Industrials,1049
KARMAENG.NS,Utilities,60
KARURVYSYA.NS,Financial Services,29385
KAUSHALYA.NS,Industrials,31
KAVDEFENCE.NS,Technology,386
KAYA.NS,Consumer Defensive,406
KAYNES.NS,Technology,27464
KCP.NS,Basic Materials,2343
KCPSUGIND.NS,Consumer Defensive,312
KDDL.NS,Consumer Cyclical,2975
KEC.NS,Industrials,15568
KECL.NS,Industrials,848
KEEPLEARN.NS,Consumer Defensive,33
KEI.NS,Industrials,47478
KELLTONTEC.NS,Technology,844
KENNAMET.NS,Industrials,5916
KERNEX.NS,Technology,2267
KESORAMIND.NS,Basic Materials,328
KEYFINSERV.NS,Financial Services,162
KFINTECH.NS,Technology,15299
KHADIM.NS,Consumer Cyclical,186
KHAICHEM.NS,Basic Materials,528
KHAITANLTD.NS,Industrials,64
KHANDSE.NS,Financial Services,27
KICL.NS,Financial Services,2102
KILITCH.NS,Healthcare,546
KIMS.NS,Healthcare,26737
KINGFA.NS,Basic Materials,6537
KIOCL.NS,Basic Materials,25191
KIRANVYPAR.NS,,0
KIRIINDUS.NS,Basic Materials,2726
KIRLFER.NS,Industrials,6203
KIRLOSBROS.NS,Industrials,13677
KIRLOSENG.NS,Industrials,25263
KIRLOSIND.NS,Industrials,3443
KIRLPNU.NS,Industrials,10154
KITEX.NS,Consumer Cyclical,3345
KKCL.NS,Consumer Cyclical,2923
KLBRENG-B.NS,,0
KMEW.NS,Industrials,4888
KMSUGAR.NS,Consumer Defensive,286
KNAGRI.NS,Consumer Defensive,457
KNRCON.NS,Industrials,3588
KOHINOOR.NS,Consumer Defensive,96
KOKUYOCMLN.NS,Industrials,929
KOLTEPATIL.NS,Real Estate,3520
KOPRAN.NS,Healthcare,803
KOTAKBANK.NS,Financial Services,372047
KOTARISUG.NS,Consumer Defensive,234
KOTHARIPET.NS,Basic Materials,791
KOTHARIPRO.NS,Industrials,436
KOTIC.NS,,0
KOTYARK.NS,Basic Materials,437
KOVAI.NS,Healthcare,6169
KPEL.NS,Industrials,2486
KPIGREEN.NS,Utilities,9106
KPIL.NS,Industrials,22371
KPITTECH.NS,Technology,21052
KPL.NS,,0
KPRMILL.NS,Consumer Cyclical,32726
KRBL.NS,Consumer Defensive,8688
KREBSBIO.NS,Healthcare,128
KRIDHANINF.NS,Basic Materials,27
KRISHANA.NS,Basic Materials,3703
KRISHIVAL.NS,Consumer Defensive,884
KRISHNADEF.NS,Industrials,1502
KRITI.NS,Industrials,442
KRITIKA.NS,Basic Materials,167
KRITINUT.NS,Consumer Defensive,480
KRN.NS,Technology,7736
KRONOX.NS,Basic Materials,521
KROSS.NS,Consumer Cyclical,1201
KRSNAA.NS,Healthcare,1947
KRYSTAL.NS,Industrials,852
KSB.NS,Industrials,15789
KSCL.NS,Basic Materials,5075
KSHINTL.NS,Industrials,4410
KSHITIJPOL.NS,Industrials,30
KSL.NS,Basic Materials,3859
KSOLVES.NS,Technology,670
KSR.NS,Consumer Cyclical,61
KTKBANK.NS,Financial Services,10301
KUANTUM.NS,Basic Materials,694
KWIL.NS,Consumer Defensive,6447
LAGNAM.NS,Consumer Cyclical,148
LAHOTIOV.NS,,0
LAKPRE.NS,Industrials,11
LAL.NS,Consumer Cyclical,128
LALPATHLAB.NS,Healthcare,27183
LAMBODHARA.NS,Consumer Cyclical,110
LANCORHOL.NS,Real Estate,170
LANDMARK.NS,Consumer Cyclical,1717
LANDSMILL.NS,Industrials,136
LAOPALA.NS,Consumer Cyclical,1998
LASA.NS,Healthcare,40
LATENTVIEW.NS,Industrials,6093
LATTEYS.NS,Industrials,126
LAURUSLABS.NS,Healthcare,62989
LAXMICOT.NS,Consumer Cyclical,24
LAXMIDENTL.NS,Healthcare,1165
LAXMIINDIA.NS,Financial Services,595
LCCINFOTEC.NS,Consumer Defensive,79
LEMERITE.NS,Consumer Cyclical,1083
LEMONTREE.NS,Consumer Cyclical,9511
LENSKART.NS,Healthcare,89698
LEXUS.NS,Industrials,37
LFIC.NS,Financial Services,42
LGBBROSLTD.NS,Consumer Cyclical,5358
LGEINDIA.NS,Technology,107395
LGHL.NS,Consumer Cyclical,1311
LIBAS.NS,Consumer Cyclical,33
LIBERTSHOE.NS,Consumer Cyclical,439
LICHSGFIN.NS,Financial Services,30740
LICI.NS,Financial Services,507739
LIKHITHA.NS,Energy,826
LINC.NS,Industrials,605
LINCOLN.NS,Healthcare,1290
LINDEINDIA.NS,Basic Materials,63238
LLOYDSENGG.NS,Industrials,8592
LLOYDSENT.NS,Basic Materials,10594
LLOYDSME.NS,Basic Materials,100703
LMW.NS,Industrials,15602
LODHA.NS,Real Estate,92334
LOKESHMACH.NS,Industrials,487
LORDSCHLO.NS,Basic Materials,433
LOTUSDEV.NS,Industrials,7085
LOTUSEYE.NS,Healthcare,243
LOVABLE.NS,Consumer Cyclical,110
LOYALTEX.NS,Consumer Cyclical,100
LPDC.NS,Real Estate,104
LT.NS,Industrials,567021
LTF.NS,Financial Services,71793
LTFOODS.NS,Consumer Defensive,15098
LTM.NS,Technology,125921
LTTS.NS,Technology,38362
LUMAXIND.NS,Consumer Cyclical,4749
LUMAXTECH.NS,Consumer Cyclical,10829
LUPIN.NS,Healthcare,107546
LUXIND.NS,Consumer Cyclical,4357
LXCHEM.NS,Basic Materials,4084
LYKALABS.NS,Healthcare,210
LYPSAGEMS.NS,Consumer Cyclical,16
M&M.NS,Consumer Cyclical,375286
M&MFIN.NS,Financial Services,43580
MAANALU.NS,Basic Materials,929
MACPOWER.NS,Industrials,1225
MADHAV.NS,Industrials,34
MADHAVIPL.NS,,0
MADHUCON.NS,Industrials,39
MADRASFERT.NS,Basic Materials,1114
MAFATIND.NS,Unknown,0
MAGADSUGAR.NS,Consumer Defensive,751
MAGNUM.NS,Basic Materials,147
MAHABANK.NS,Financial Services,61201
MAHAPEXLTD.NS,Financial Services,139
MAHASTEEL.NS,Basic Materials,1364
MAHEPC.NS,Industrials,327
MAHESHWARI.NS,Industrials,153
MAHLIFE.NS,Real Estate,7236
MAHLOG.NS,Industrials,4130
MAHSCOOTER.NS,Financial Services,14351
MAHSEAMLES.NS,Basic Materials,8600
MAITHANALL.NS,Basic Materials,2912
MAJESAUT.NS,Real Estate,0
MALLCOM.NS,Industrials,685
MALUPAPER.NS,Basic Materials,58
MAMATA.NS,Industrials,1031
MANAKALUCO.NS,Basic Materials,239
MANAKCOAT.NS,Industrials,1178
MANAKSIA.NS,Industrials,391
MANAKSTEEL.NS,Basic Materials,457
MANALIPETC.NS,Basic Materials,949
MANAPPURAM.NS,Financial Services,28908
MANBA.NS,Financial Services,550
MANCREDIT.NS,Financial Services,366
MANGALAM.NS,Healthcare,47
MANGLMCEM.NS,Basic Materials,2557
MANINDS.NS,Basic Materials,3926
MANINFRA.NS,Industrials,5051
MANKIND.NS,Healthcare,93963
MANOMAY.NS,Consumer Cyclical,402
MANORAMA.NS,Consumer Defensive,9072
MANORG.NS,Basic Materials,429
MANUGRAPH.NS,Industrials,44
MANYAVAR.NS,Consumer Cyclical,10570
MAPMYINDIA.NS,Technology,5179
MARALOVER.NS,Consumer Cyclical,194
MARATHON.NS,Real Estate,3229
MARICO.NS,Consumer Defensive,101760
MARINE.NS,Industrials,3106
MARKOLINES.NS,Industrials,333
MARKSANS.NS,Healthcare,8605
MARSONS.NS,Industrials,2822
MARUTI.NS,Consumer Cyclical,429693
MASFIN.NS,Financial Services,6399
MASKINVEST.NS,Financial Services,47
MASTEK.NS,Technology,5199
MASTERTR.NS,Financial Services,1004
MATRIMONY.NS,Communication Services,875
MAWANASUG.NS,Consumer Defensive,443
MAXESTATES.NS,Real Estate,6569
MAXHEALTH.NS,Healthcare,98720
MAXIND.NS,Healthcare,836
MAYURUNIQ.NS,Consumer Cyclical,2489
MAZDA.NS,Industrials,430
MAZDOCK.NS,Industrials,106157
MBAPL.NS,Basic Materials,4758
MBEL.NS,Industrials,1933
MBLINFRA.NS,Industrials,403
MCCHRLS-B.NS,,0
MCL.NS,Basic Materials,162
MCLEODRUSS.NS,Consumer Defensive,593
MCLOUD.NS,Technology,1578
MCX.NS,Financial Services,74547
MEDANTA.NS,Healthcare,31674
MEDIASSIST.NS,Healthcare,2657
MEDICAMEQ.NS,Healthcare,350
MEDICO.NS,Healthcare,356
MEDPLUS.NS,Healthcare,10418
MEESHO.NS,Consumer Cyclical,94946
MEGASTAR.NS,Consumer Defensive,324
MEIL.NS,Industrials,868
MENNPIS.NS,,0
MENONBE.NS,Consumer Cyclical,709
MEP.NS,Industrials,18
MERCANTILE.NS,,0
METROBRAND.NS,Consumer Cyclical,28053
METROGLOBL.NS,Industrials,157
METROPOLIS.NS,Healthcare,10158
MFML.NS,Consumer Cyclical,26
MFSL.NS,Financial Services,55632
MGEL.NS,Consumer Defensive,460
MGL.NS,Utilities,11328
MHLXMIRU.NS,Consumer Cyclical,204
MHRIL.NS,Consumer Cyclical,4946
MICEL.NS,Technology,1103
MIDHANI.NS,Basic Materials,7403
MIDWESTLTD.NS,Basic Materials,4542
MINDACORP.NS,Consumer Cyclical,12244
MINDTECK.NS,Technology,683
MIRCELECTR.NS,Consumer Cyclical,1260
MIRZAINT.NS,Consumer Cyclical,459
MITCON.NS,Industrials,142
MITTAL.NS,Consumer Cyclical,43
MKPL.NS,Consumer Defensive,197
MMFL.NS,Industrials,2421
MMP.NS,Basic Materials,656
MMTC.NS,Industrials,9837
MMWL.NS,Communication Services,0
MOBIKWIK.NS,Technology,1688
MODINATUR.NS,Consumer Defensive,506
MODIRUBBER.NS,Real Estate,331
MODIS.NS,Real Estate,781
MODISONLTD.NS,Industrials,540
MODTHREAD.NS,Consumer Cyclical,156
MOHITIND.NS,Consumer Cyclical,34
MOIL.NS,Basic Materials,6348
MOKSH.NS,Consumer Cyclical,116
MOL.NS,Basic Materials,1324
MOLDTECH.NS,Industrials,376
MOLDTKPAC.NS,Consumer Cyclical,1865
MONARCH.NS,Financial Services,2362
MONEYBOXX.NS,Financial Services,511
MONTECARLO.NS,Consumer Cyclical,1175
MORARJEE.NS,Consumer Cyclical,24
MOREPENLAB.NS,Healthcare,2326
MOSCHIP.NS,Technology,3950
MOTHERSON.NS,Consumer Cyclical,128481
MOTILALOFS.NS,Financial Services,49920
MOTISONS.NS,Consumer Cyclical,1370
MOTOGENFIN.NS,Real Estate,98
MPHASIS.NS,Technology,43304
MPSLTD.NS,Communication Services,2788
MRF.NS,Consumer Cyclical,55274
MRPL.NS,Energy,28462
MSPL.NS,Basic Materials,2092
MSTCLTD.NS,Industrials,3133
MSUMI.NS,Consumer Cyclical,27077
MTARTECH.NS,Industrials,19186
MTEDUCARE.NS,Consumer Defensive,11
MTNL.NS,Communication Services,1983
MUFIN.NS,Financial Services,2266
MUFTI.NS,Consumer Cyclical,513
MUKANDLTD.NS,Basic Materials,1988
MUKKA.NS,Consumer Defensive,726
MUKTAARTS.NS,Communication Services,132
MUNJALAU.NS,Consumer Cyclical,832
MUNJALSHOW.NS,Consumer Cyclical,520
MURUDCERA.NS,Industrials,203
MUTHOOTCAP.NS,Financial Services,346
MUTHOOTFIN.NS,Financial Services,140293
MUTHOOTMF.NS,Financial Services,3286
MVGJL.NS,Consumer Cyclical,855
MWL.NS,Basic Materials,1062
NACLIND.NS,Basic Materials,3824
NAGAFERT.NS,Basic Materials,238
NAGREEKCAP.NS,Financial Services,40
NAGREEKEXP.NS,Consumer Cyclical,84
NAHARCAP.NS,Financial Services,437
NAHARINDUS.NS,Consumer Cyclical,505
NAHARPOLY.NS,Consumer Cyclical,627
NAHARSPING.NS,Consumer Cyclical,919
NAM-INDIA.NS,Financial Services,66070
NARMADA.NS,Basic Materials,129
NATCAPSUQ.NS,Healthcare,161
NATCOPHARM.NS,Healthcare,20169
NATHBIOGEN.NS,Basic Materials,368
NATIONALUM.NS,Basic Materials,74714
NATIONSTD.NS,,0
NAUKRI.NS,Communication Services,63856
NAVA.NS,Industrials,19292
NAVINFLUOR.NS,Basic Materials,35418
NAVKARCORP.NS,Industrials,1511
NAVKARURB.NS,Basic Materials,89
NAVNETEDUL.NS,Communication Services,3257
NAZARA.NS,Communication Services,9856
NBCC.NS,Industrials,25204
NBIFIN.NS,Financial Services,626
NCC.NS,Industrials,10465
NCLIND.NS,Basic Materials,780
NDGL.NS,Financial Services,271
NDL.NS,Consumer Cyclical,407
NDLVENTURE.NS,Communication Services,406
NDRAUTO.NS,Consumer Cyclical,1904
NDTV.NS,Communication Services,925
NEAGI.NS,,0
NECCLTD.NS,Industrials,159
NECLIFE.NS,Healthcare,245
NELCAST.NS,Industrials,1275
NELCO.NS,Technology,1609
NEOGEN.NS,Basic Materials,4723
NEPHROPLUS.NS,Healthcare,5504
NESCO.NS,Industrials,9018
NESTLEIND.NS,Consumer Defensive,282093
NETWEB.NS,Technology,21743
NETWORK18.NS,Communication Services,5380
NEUEON.NS,Basic Materials,115
NEULANDLAB.NS,Healthcare,20554
NEWGEN.NS,Technology,6998
NEXTMEDIA.NS,Communication Services,29
NFL.NS,Basic Materials,3838
NGIL.NS,Consumer Defensive,67
NGLFINE.NS,Healthcare,1370
NH.NS,Healthcare,36499
NHPC.NS,Utilities,84448
NIACL.NS,Financial Services,26714
NIBE.NS,Industrials,1570
NIBL.NS,Industrials,76
NIITLTD.NS,Consumer Defensive,970
NIITMTS.NS,Consumer Defensive,4327
NILAINFRA.NS,Real Estate,324
NILASPACES.NS,Real Estate,536
NILE.NS,,0
NILKAMAL.NS,Consumer Cyclical,1961
NIMBSPROJ.NS,Unknown,345
NINSYS.NS,Technology,946
NIPPOBATRY.NS,Industrials,254
NIRAJ.NS,Industrials,172
NIRAJISPAT.NS,Consumer Cyclical,14
NIRLON.NS,Real Estate,0
NITCO.NS,Industrials,2147
NITINSPIN.NS,Consumer Cyclical,2766
NITIRAJ.NS,Technology,215
NITTAGELA.NS,Basic Materials,0
NIVABUPA.NS,Financial Services,14731
NKIND.NS,Consumer Defensive,41
NLCINDIA.NS,Utilities,45453
NMDC.NS,Basic Materials,78642
NOCIL.NS,Basic Materials,3094
NOIDATOLL.NS,Industrials,70
NORBTEAEXP.NS,Consumer Defensive,93
NORTHARC.NS,Financial Services,4235
NOVAAGRI.NS,Basic Materials,257
NOVARTIND.NS,Healthcare,2518
NPST.NS,Technology,2666
NRAIL.NS,Basic Materials,831
NRBBEARING.NS,Consumer Cyclical,2867
NRL.NS,Industrials,387
NSIL.NS,Financial Services,2964
NSLNISP.NS,Basic Materials,12545
NTPC.NS,Utilities,390290
NTPCGREEN.NS,Utilities,93153
NUCLEUS.NS,Technology,2134
NURECA.NS,Healthcare,261
NUVAMA.NS,Financial Services,24125
NUVOCO.NS,Basic Materials,10384
NYKAA.NS,Consumer Cyclical,76910
OAL.NS,Basic Materials,1063
OBCL.NS,Industrials,117
OBEROIRLTY.NS,Real Estate,61968
OCCLLTD.NS,Basic Materials,502
ODIGMA.NS,Communication Services,84
OFSS.NS,Technology,84933
OIL.NS,Energy,78036
OILCOUNTUB.NS,Energy,320
OLAELEC.NS,Consumer Cyclical,15394
OLECTRA.NS,Industrials,10377
OMAXAUTO.NS,Consumer Cyclical,334
OMAXE.NS,Real Estate,1556
OMFREIGHT.NS,Industrials,273
OMINFRAL.NS,Industrials,909
OMNI.NS,Industrials,4767
OMPOWER.NS,Industrials,0
ONELIFECAP.NS,Financial Services,66
ONEPOINT.NS,Industrials,1413
ONESOURCE.NS,Healthcare,19644
ONGC.NS,Energy,369860
ONMOBILE.NS,Communication Services,588
ONWARDTEC.NS,Technology,577
OPTIEMUS.NS,Technology,3877
ORBTEXP.NS,Consumer Cyclical,437
ORCHASP.NS,Technology,71
ORCHPHARMA.NS,Healthcare,3254
ORICONENT.NS,Consumer Cyclical,1030
ORIENTALTL.NS,Industrials,51
ORIENTBELL.NS,Industrials,490
ORIENTCEM.NS,Basic Materials,2964
ORIENTCER.NS,Basic Materials,496
ORIENTELEC.NS,Consumer Cyclical,3925
ORIENTHOT.NS,Consumer Cyclical,1818
ORIENTLTD.NS,Consumer Cyclical,67
ORIENTPPR.NS,Basic Materials,402
ORIENTTECH.NS,Technology,1261
ORISSAMINE.NS,Basic Materials,2565
ORKLAINDIA.NS,Consumer Defensive,8794
ORTEL.NS,Communication Services,5
ORTINGLOBE.NS,Healthcare,12
OSIAHYPER.NS,Consumer Cyclical,97
OSWALAGRO.NS,Real Estate,652
OSWALGREEN.NS,Financial Services,730
OSWALPUMPS.NS,Industrials,4735
OSWALSEEDS.NS,Basic Materials,113
PACEDIGITK.NS,Technology,3768
PAGEIND.NS,Consumer Cyclical,41497
PAISALO.NS,Financial Services,4534
PAKKA.NS,Basic Materials,429
PALASHSECU.NS,Consumer Defensive,96
PALREDTEC.NS,Technology,49
PANACEABIO.NS,Healthcare,2294
PANACHE.NS,Technology,542
PANAMAPET.NS,Energy,1718
PANSARI.NS,Real Estate,540
PAR.NS,Healthcare,111
PARACABLES.NS,Technology,1235
PARADEEP.NS,Basic Materials,13418
PARAGMILK.NS,Consumer Defensive,2798
PARAS.NS,Industrials,6361
PARASPETRO.NS,Consumer Cyclical,73
PARKHOSPS.NS,Healthcare,10308
PARKHOTELS.NS,Consumer Cyclical,2690
PARSVNATH.NS,Real Estate,345
PASHUPATI.NS,Consumer Cyclical,1393
PASUPTAC.NS,Consumer Cyclical,458
PATANJALI.NS,Consumer Defensive,50139
PATELENG.NS,Industrials,2761
PATELRMART.NS,Consumer Cyclical,708
PATINTLOG.NS,Industrials,82
PAUSHAKLTD.NS,Basic Materials,1166
PAVNAIND.NS,Consumer Cyclical,261
PAYTM.NS,Technology,71378
PCBL.NS,Basic Materials,12049
PCJEWELLER.NS,Consumer Cyclical,9273
PDMJEPAPER.NS,Basic Materials,821
PDSL.NS,Industrials,3988
PEARLPOLY.NS,Consumer Cyclical,35
PENIND.NS,Industrials,2358
PENINLAND.NS,Real Estate,567
PERSISTENT.NS,Technology,74947
PETRONET.NS,Energy,41947
PFC.NS,Financial Services,149808
PFIZER.NS,Healthcare,21667
PFOCUS.NS,Communication Services,23543
PFS.NS,Financial Services,2040
PGEL.NS,Technology,15303
PGHH.NS,Consumer Defensive,33476
PGHL.NS,Healthcare,8527
PGIL.NS,Consumer Cyclical,7125
PHOENIXLTD.NS,Real Estate,64389
PICCADIL.NS,Consumer Defensive,6101
PIDILITIND.NS,Basic Materials,140961
PIGL.NS,Industrials,240
PIIND.NS,Basic Materials,46811
PILANIINVS.NS,Financial Services,5249
PILITA.NS,Consumer Cyclical,190
PINELABS.NS,Technology,22485
PIONEEREMB.NS,Consumer Cyclical,86
PIONRINV.NS,,0
PIRAMALFIN.NS,Financial Services,44095
PITTIENG.NS,Industrials,3659
PIXTRANS.NS,Industrials,2103
PKTEA.NS,Consumer Defensive,252
PLASTIBLEN.NS,Basic Materials,460
PLATIND.NS,Basic Materials,1349
PLAZACABLE.NS,Industrials,181
PML.NS,,0
PNB.NS,Financial Services,126307
PNBGILTS.NS,Financial Services,1280
PNBHOUSING.NS,Financial Services,27271
PNC.NS,Communication Services,29
PNCINFRA.NS,Industrials,5428
PNGJL.NS,Consumer Cyclical,9161
PNGSREVA.NS,Consumer Cyclical,1315
POCL.NS,Basic Materials,4220
PODDARMENT.NS,Basic Materials,283
POKARNA.NS,Industrials,2694
POLICYBZR.NS,Financial Services,77103
POLYCAB.NS,Industrials,123564
POLYMED.NS,Healthcare,15453
POLYPLEX.NS,Basic Materials,2988
PONNIERODE.NS,Consumer Defensive,264
POONAWALLA.NS,Financial Services,38552
POWERGRID.NS,Utilities,299525
POWERICA.NS,Industrials,6125
POWERINDIA.NS,Industrials,149874
POWERMECH.NS,Industrials,7860
PPAP.NS,Consumer Cyclical,289
PPL.NS,Industrials,513
PPLPHARMA.NS,Healthcare,21304
PRABHA.NS,Energy,2360
PRADPME.NS,,0
PRAENG.NS,Real Estate,155
PRAJIND.NS,Industrials,7634
PRAKASH.NS,Basic Materials,2685
PRAKASHSTL.NS,Basic Materials,81
PRAVEG.NS,,0
PRAXIS.NS,Consumer Cyclical,142
PRECAM.NS,Consumer Cyclical,1526
PRECOT.NS,Consumer Cyclical,689
PRECWIRE.NS,Industrials,7850
PREMCO.NS,,0
PREMEXPLN.NS,Basic Materials,3039
PREMIER.NS,Industrials,9
PREMIERENE.NS,Technology,46957
PREMIERPOL.NS,Basic Materials,570
PRESTIGE.NS,Real Estate,62809
PRICOLLTD.NS,Consumer Cyclical,7061
PRIMESECU.NS,Financial Services,967
PRIMO.NS,Basic Materials,626
PRINCEPIPE.NS,Industrials,2901
PRITI.NS,Consumer Cyclical,60
PRITIKAUTO.NS,Industrials,226
PRIVISCL.NS,Basic Materials,13193
PROSTARM.NS,Industrials,929
PROTEAN.NS,Technology,2166
PROZONER.NS,Real Estate,850
PRSMJOHNSN.NS,Basic Materials,6725
PRUDENT.NS,Financial Services,11762
PRUDMOULI.NS,Consumer Defensive,55
PSB.NS,Financial Services,17817
PSPPROJECT.NS,Industrials,3159
PTC.NS,Utilities,6408
PTCIL.NS,Industrials,24451
PTL.NS,Real Estate,529
PUNJABCHEM.NS,Basic Materials,1403
PURVA.NS,Real Estate,5198
PVP.NS,Industrials,857
PVRINOX.NS,Communication Services,10581
PVSL.NS,Consumer Cyclical,738
PWL.NS,Consumer Defensive,31596
PYRAMID.NS,Consumer Cyclical,636
QPOWER.NS,Industrials,10716
QUADFUTURE.NS,Industrials,1262
QUESS.NS,Industrials,3209
QUICKHEAL.NS,Technology,907
QUINT.NS,,0
QUINTEGRA.NS,Technology,3
RACE.NS,Industrials,220
RACLGEAR.NS,Consumer Cyclical,1509
RADAAN.NS,Communication Services,17
RADHIKAJWE.NS,Consumer Cyclical,767
RADIANTCMS.NS,Industrials,444
RADICO.NS,Consumer Defensive,46429
RADIOCITY.NS,Communication Services,210
RAILTEL.NS,Communication Services,10719
RAIN.NS,Basic Materials,4353
RAINBOW.NS,Healthcare,12729
RAJESHEXPO.NS,Consumer Cyclical,3543
RAJMET.NS,Basic Materials,111
RAJOOENG.NS,Industrials,1017
RAJPALAYAM.NS,Unknown,0
RAJRATAN.NS,Basic Materials,2284
RAJRILTD.NS,Consumer Cyclical,1200
RAJSREESUG.NS,Consumer Defensive,117
RAJTV.NS,Communication Services,127
RAJVIR.NS,Consumer Cyclical,3
RALLIS.NS,Basic Materials,5109
RAMANEWS.NS,Consumer Defensive,493
RAMAPHO.NS,Basic Materials,496
RAMASTEEL.NS,Basic Materials,952
RAMCOCEM.NS,Basic Materials,22050
RAMCOIND.NS,Industrials,2334
RAMCOSYS.NS,Technology,1524
RAMKY.NS,Industrials,3489
RAMRAT.NS,Industrials,4266
RANASUG.NS,Consumer Defensive,216
RANEHOLDIN.NS,Consumer Cyclical,1633
RATEGAIN.NS,Technology,7119
RATNAMANI.NS,Basic Materials,18595
RATNAVEER.NS,Basic Materials,1213
RAYMOND.NS,Industrials,3115
RAYMONDLSL.NS,Consumer Cyclical,4891
RAYMONDREL.NS,Real Estate,3144
RBA.NS,Consumer Cyclical,3862
RBLBANK.NS,Financial Services,20702
RBZJEWEL.NS,Consumer Cyclical,562
RCF.NS,Basic Materials,7218
RCOM.NS,Communication Services,265
RECLTD.NS,Financial Services,94756
REDINGTON.NS,Technology,17290
REDTAPE.NS,Consumer Cyclical,7215
REFEX.NS,Energy,3600
REGAAL.NS,Consumer Defensive,863
REGENCERAM.NS,Industrials,124
RELAXO.NS,Consumer Cyclical,7500
RELCHEMQ.NS,Consumer Cyclical,86
RELIABLE.NS,Technology,137
RELIANCE.NS,Energy,1960990
RELIGARE.NS,Financial Services,7471
RELINFRA.NS,Utilities,3050
RELTD.NS,Technology,2582
REMSONSIND.NS,Consumer Cyclical,385
RENUKA.NS,Consumer Defensive,6276
REPCOHOME.NS,Financial Services,2621
REPL.NS,Industrials,142
REPRO.NS,Industrials,512
RESPONIND.NS,Basic Materials,4229
RETAIL.NS,Consumer Defensive,17
RGL.NS,Consumer Cyclical,1065
RHETAN.NS,Basic Materials,2351
RHFL.NS,Financial Services,93
RHIM.NS,Industrials,8463
RHL.NS,Consumer Cyclical,319
RICOAUTO.NS,Consumer Cyclical,1564
RIIL.NS,Industrials,1204
RISHABH.NS,Technology,1960
RITCO.NS,Industrials,625
RITES.NS,Industrials,10596
RKDL.NS,Consumer Defensive,52
RKEC.NS,Industrials,83
RKFORGE.NS,Industrials,11082
RKSWAMY.NS,Communication Services,432
RMC.NS,Industrials,487
RMDRIP.NS,Industrials,939
RML.NS,Consumer Cyclical,2258
RNBDENIMS.NS,Consumer Cyclical,392
ROHLTD.NS,Consumer Cyclical,931
ROLEXRINGS.NS,Industrials,3980
ROLLT.NS,Real Estate,50
ROML.NS,Consumer Defensive,66
ROSSARI.NS,Basic Materials,2676
ROSSELLIND.NS,Industrials,209
ROSSTECH.NS,Industrials,3647
ROTO.NS,Industrials,1114
ROUTE.NS,Communication Services,3421
RPEL.NS,Basic Materials,3310
RPGLIFE.NS,Healthcare,3935
RPOWER.NS,Utilities,12026
RPPINFRA.NS,Industrials,399
RPPL.NS,Consumer Cyclical,117
RPSGVENT.NS,Technology,2938
RPTECH.NS,Technology,3100
RRIL.NS,,0
RRKABEL.NS,Industrials,19096
RSDFIN.NS,,0
RSL.NS,Basic Materials,1155
RSSOFTWARE.NS,Technology,96
RSWM.NS,Consumer Cyclical,798
RSYSTEMS.NS,Technology,3131
RTNINDIA.NS,Consumer Cyclical,5099
RTNPOWER.NS,Utilities,5531
RUBFILA.NS,Basic Materials,403
RUBICON.NS,Healthcare,15904
RUBYMILLS.NS,Consumer Cyclical,789
RUCHINFRA.NS,Industrials,151
RUCHIRA.NS,Basic Materials,356
RUDRA.NS,Basic Materials,208
RUPA.NS,Consumer Cyclical,1213
RUSHIL.NS,Consumer Cyclical,536
RUSTOMJEE.NS,Real Estate,5069
RVHL.NS,Real Estate,257
RVNL.NS,Industrials,62529
RVTH.NS,Industrials,193
S&SPOWER.NS,Industrials,494
SAATVIKGL.NS,Technology,5922
SABEVENTS.NS,Communication Services,9
SADBHAV.NS,Industrials,161
SADBHIN.NS,Industrials,95
SADHNANIQ.NS,Basic Materials,723
SAFARI.NS,Consumer Cyclical,7058
SAGARDEEP.NS,Basic Materials,42
SAGCEM.NS,Basic Materials,2354
SAGILITY.NS,Healthcare,19479
SAHLIBHFI.NS,Financial Services,256
SAHYADRI.NS,Industrials,290
SAIL.NS,Basic Materials,76885
SAILIFE.NS,Healthcare,22898
SAIPARENT.NS,Healthcare,2157
SAKAR.NS,Healthcare,1422
SAKHTISUG.NS,Consumer Defensive,234
SAKSOFT.NS,Technology,1805
SAKUMA.NS,Consumer Defensive,297
SALASAR.NS,Basic Materials,1310
SALONA.NS,Consumer Cyclical,151
SALSTEEL.NS,Basic Materials,810
SALZERELEC.NS,Industrials,1178
SAMBHAAV.NS,Communication Services,133
SAMBHV.NS,Basic Materials,3618
SAMHI.NS,Consumer Cyclical,3601
SAMMAANCAP.NS,Financial Services,16949
SAMPANN.NS,Basic Materials,137
SANATHAN.NS,Consumer Cyclical,3823
SANCO.NS,Industrials,2
SANDESH.NS,Communication Services,819
SANDHAR.NS,Consumer Cyclical,3106
SANDUMA.NS,Basic Materials,10252
SANGAMIND.NS,Consumer Cyclical,2591
SANGHVIMOV.NS,Industrials,2822
SANGINITA.NS,Basic Materials,55
SANOFI.NS,Healthcare,7899
SANOFICONR.NS,Healthcare,10920
SANSERA.NS,Consumer Cyclical,15474
SANSTAR.NS,Basic Materials,1666
SANWARIA.NS,Consumer Defensive,29
SAPPHIRE.NS,Consumer Cyclical,6281
SAPPL.NS,,0
SARDAEN.NS,Basic Materials,21003
SAREGAMA.NS,Communication Services,6700
SARLAPOLY.NS,Consumer Cyclical,762
SARVESHWAR.NS,Consumer Defensive,491
SASKEN.NS,Technology,2074
SATIA.NS,Basic Materials,682
SATIN.NS,Financial Services,1979
SAURASHCEM.NS,Basic Materials,673
SAYAJIHOTL.NS,Consumer Cyclical,0
SBC.NS,Industrials,1602
SBCL.NS,Industrials,3633
SBFC.NS,Financial Services,10392
SBGLP.NS,Real Estate,471
SBICARD.NS,Financial Services,61354
SBILIFE.NS,Financial Services,184388
SBIN.NS,Financial Services,1002352
SCANSTL.NS,,0
SCHAEFFLER.NS,Consumer Cyclical,64422
SCHAND.NS,Communication Services,574
SCHNEIDER.NS,Industrials,31222
SCI.NS,Industrials,14626
SCILAL.NS,Real Estate,2126
SCODATUBES.NS,Basic Materials,897
SCPL.NS,Consumer Defensive,420
SDBL.NS,Consumer Defensive,1824
SEAMECLTD.NS,Industrials,4078
SECMARK.NS,Industrials,147
SECURKLOUD.NS,Technology,78
SEDEMAC.NS,Consumer Cyclical,8629
SEIL.NS,,0
SEJALLTD.NS,Industrials,972
SELMC.NS,Consumer Cyclical,105
SEMAC.NS,Industrials,92
SENCO.NS,Consumer Cyclical,5484
SENORES.NS,Healthcare,4145
SEPC.NS,Industrials,1593
SERVOTECH.NS,Industrials,2181
SESHAPAPER.NS,Basic Materials,1707
SETCO.NS,Consumer Cyclical,364
SETL.NS,Industrials,2792
SETUINFRA.NS,Industrials,7
SEYAIND.NS,Basic Materials,42
SFL.NS,Consumer Cyclical,5602
SGFIN.NS,Financial Services,3785
SGIL.NS,Industrials,856
SGL.NS,Consumer Cyclical,33
SGMART.NS,Industrials,7294
SHADOWFAX.NS,Industrials,9876
SHAH.NS,Basic Materials,479
SHAHALLOYS.NS,Basic Materials,139
SHAILY.NS,Basic Materials,11480
SHAKTIPUMP.NS,Industrials,6988
SHALBY.NS,Healthcare,1772
SHALPAINTS.NS,Basic Materials,446
SHANKARA.NS,Consumer Cyclical,295
SHANTI.NS,Consumer Defensive,7
SHANTIGEAR.NS,Industrials,3690
SHANTIGOLD.NS,Consumer Cyclical,1460
SHARDACROP.NS,Basic Materials,9292
SHARDAMOTR.NS,Consumer Cyclical,5161
SHARDUL.NS,Financial Services,0
SHAREINDIA.NS,Financial Services,3142
SHBAJRG.NS,,0
SHEKHAWATI.NS,Consumer Cyclical,59
SHEMAROO.NS,Communication Services,290
SHILCTECH.NS,Industrials,5938
SHILPAMED.NS,Healthcare,8231
SHINDL.NS,,0
SHIVALIK.NS,Basic Materials,429
SHIVAMAUTO.NS,Consumer Cyclical,257
SHIVAMILLS.NS,Consumer Cyclical,57
SHIVATEX.NS,Consumer Cyclical,240
SHIVAUM.NS,Basic Materials,482
SHK.NS,Basic Materials,2047
SHOPERSTOP.NS,Consumer Cyclical,3289
SHRADHA.NS,Real Estate,214
SHREDIGCEM.NS,Basic Materials,1111
SHREECEM.NS,Basic Materials,89588
SHREEJISPG.NS,Industrials,6661
SHREEPUSHK.NS,Basic Materials,1268
SHREERAMA.NS,Consumer Cyclical,642
SHRENIK.NS,Basic Materials,25
SHREYANIND.NS,Basic Materials,236
SHRIKRISH.NS,Unknown,0
SHRINGARMS.NS,Consumer Cyclical,1988
SHRIPISTON.NS,Consumer Cyclical,15600
SHRIRAMFIN.NS,Financial Services,226681
SHRIRAMPPS.NS,Real Estate,1548
SHYAMCENT.NS,Basic Materials,121
SHYAMMETL.NS,Basic Materials,25017
SHYAMTEL.NS,Technology,27
SICAGEN.NS,Basic Materials,211
SICALLOG.NS,Industrials,542
SIEMENS.NS,Industrials,138886
SIGACHI.NS,Healthcare,768
SIGIND.NS,Industrials,147
SIGMA.NS,Technology,448
SIGMAADV.NS,Industrials,4816
SIGNATURE.NS,Real Estate,12426
SIGNPOST.NS,Communication Services,1383
SIKA.NS,,0
SIKKO.NS,Basic Materials,204
SIL.NS,Consumer Cyclical,97
SILGO.NS,Consumer Cyclical,207
SILINV.NS,Financial Services,496
SILLYMONKS.NS,Communication Services,17
SILVERTUC.NS,Technology,2067
SIMBHALS.NS,Consumer Defensive,41
SIMPLEXINF.NS,Industrials,1907
SINCLAIR.NS,Consumer Cyclical,415
SINDHUTRAD.NS,Industrials,3680
SINGERIND.NS,,0
SINTERCOM.NS,Consumer Cyclical,212
SIRCA.NS,Basic Materials,2454
SIS.NS,Industrials,5744
SITINET.NS,Communication Services,41
SIYSIL.NS,Consumer Cyclical,2669
SJS.NS,Consumer Cyclical,5962
SJVN.NS,Utilities,31748
SKFINDIA.NS,Industrials,8509
SKFINDUS.NS,Industrials,10887
SKIL.NS,Industrials,20
SKIPPER.NS,Industrials,5530
SKMEGGPROD.NS,Consumer Defensive,872
SKYGOLD.NS,Consumer Cyclical,7037
SMARTLINK.NS,Technology,133
SMARTWORKS.NS,Real Estate,5309
SMCGLOBAL.NS,Financial Services,1392
SMLMAH.NS,Consumer Cyclical,5392
SMLT.NS,Industrials,101
SMSPHARMA.NS,Healthcare,3900
SNOWMAN.NS,Industrials,708
SOBHA.NS,Real Estate,15556
SOFTTECH.NS,Technology,546
SOLARA.NS,Healthcare,2554
SOLARINDS.NS,Basic Materials,141236
SOLARWORLD.NS,Technology,1763
SOLEX.NS,Technology,1411
SOMANYCERA.NS,Industrials,1922
SOMATEX.NS,Consumer Cyclical,380
SOMICONVEY.NS,Industrials,135
SONACOMS.NS,Consumer Cyclical,36219
SONAL.NS,,0
SONAMLTD.NS,Consumer Cyclical,203
SONATSOFTW.NS,Technology,7261
SOTL.NS,Basic Materials,2621
SOUTHBANK.NS,Financial Services,10821
SOUTHWEST.NS,Energy,746
SPAL.NS,Consumer Cyclical,2026
SPANDANA.NS,Financial Services,2140
SPARC.NS,Healthcare,4555
SPCENET.NS,Financial Services,227
SPECIALITY.NS,Consumer Cyclical,505
SPECTRUM.NS,Industrials,1839
SPENCERS.NS,Consumer Cyclical,329
SPIC.NS,Basic Materials,1445
SPLIL.NS,Consumer Cyclical,93
SPLPETRO.NS,Basic Materials,14051
SPMLINFRA.NS,Industrials,1821
SPORTKING.NS,Consumer Cyclical,1912
SRD.NS,Basic Materials,287
SREEL.NS,Consumer Cyclical,421
SRF.NS,Industrials,75841
SRGHFL.NS,Financial Services,444
SRHHYPOLTD.NS,Basic Materials,892
SRM.NS,Industrials,1184
SRPL.NS,Consumer Defensive,11
SRTL.NS,Consumer Cyclical,197
SSDL.NS,Consumer Cyclical,246
SSWL.NS,Consumer Cyclical,3406
STALLION.NS,Basic Materials,1874
STANLEY.NS,Consumer Cyclical,881
STAR.NS,Healthcare,9500
STARCEMENT.NS,Basic Materials,9676
STARHEALTH.NS,Financial Services,30973
STARPAPER.NS,Basic Materials,220
STARTECK.NS,Financial Services,245
STCINDIA.NS,Industrials,715
STEELCAS.NS,Basic Materials,2929
STEELCITY.NS,Financial Services,124
STEELXIND.NS,Basic Materials,1248
STEL.NS,Financial Services,870
STERTOOLS.NS,Industrials,908
STLNETWORK.NS,Communication Services,1420
STLTECH.NS,Technology,15107
STOVEKRAFT.NS,Consumer Cyclical,1839
STUDDS.NS,Consumer Cyclical,1913
STYL.NS,Technology,3938
STYLAMIND.NS,Consumer Cyclical,3799
STYLEBAAZA.NS,Consumer Cyclical,3070
STYRENIX.NS,Basic Materials,4023
SUBEXLTD.NS,Technology,554
SUBROS.NS,Consumer Cyclical,5150
SUDARCOLOR.NS,Basic Materials,821
SUDARSCHEM.NS,Basic Materials,7414
SUDEEPPHRM.NS,Healthcare,7852
SUKHJITS.NS,Basic Materials,567
SULA.NS,Consumer Defensive,1473
SUMEETINDS.NS,Consumer Cyclical,1605
SUMICHEM.NS,Basic Materials,21520
SUMIT.NS,Real Estate,238
SUMMITSEC.NS,Financial Services,1726
SUNCLAY.NS,Industrials,3201
SUNDARAM.NS,Basic Materials,67
SUNDARMFIN.NS,Financial Services,51083
SUNDRMBRAK.NS,Consumer Cyclical,244
SUNDRMFAST.NS,Consumer Cyclical,18351
SUNDROP.NS,Consumer Defensive,2457
SUNFLAG.NS,Basic Materials,5571
SUNPHARMA.NS,Healthcare,437158
SUNTECK.NS,Real Estate,4957
SUNTV.NS,Communication Services,21958
SUPERHOUSE.NS,Consumer Cyclical,168
SUPERSPIN.NS,Consumer Cyclical,31
SUPRAJIT.NS,Consumer Cyclical,5759
SUPREME.NS,Real Estate,197
SUPREMEENG.NS,Basic Materials,27
SUPREMEIND.NS,Industrials,46492
SUPREMEINF.NS,Industrials,769
SUPRIYA.NS,Healthcare,5656
SURAJEST.NS,Real Estate,1129
SURAJLTD.NS,Basic Materials,438
SURAKSHA.NS,Healthcare,1484
SURANASOL.NS,Technology,135
SURANAT&P.NS,Utilities,260
SURYALA.NS,,0
SURYALAXMI.NS,Consumer Cyclical,112
SURYAROSNI.NS,Basic Materials,5753
SURYODAY.NS,Financial Services,1665
SUTLEJTEX.NS,Consumer Cyclical,642
SUVEN.NS,Healthcare,5621
SUVIDHAA.NS,Technology,62
SUYOG.NS,Communication Services,923
SUZLON.NS,Industrials,75956
SVLL.NS,Industrials,693
SVPGLOB.NS,Consumer Cyclical,46
SWANCORP.NS,Industrials,10554
SWANDEF.NS,Industrials,9577
SWARAJENG.NS,Consumer Cyclical,4848
SWELECTES.NS,Technology,1038
SWIGGY.NS,Consumer Cyclical,71922
SWSOLAR.NS,Technology,5012
SYMPHONY.NS,Consumer Cyclical,5696
SYNCOMF.NS,Healthcare,1313
SYNGENE.NS,Healthcare,18860
SYRMA.NS,Technology,18971
SYSTMTXC.NS,Financial Services,966
TAALTECH.NS,,0
TAINWALCHM.NS,Basic Materials,191
TAJGVK.NS,Consumer Cyclical,2058
TAKE.NS,Healthcare,593
TALBROAUTO.NS,Consumer Cyclical,2049
TAMBOLIIN.NS,,0
TANLA.NS,Technology,7034
TARACHAND.NS,Industrials,501
TARAPUR.NS,Industrials,47
TARC.NS,Real Estate,4046
TARIL.NS,Industrials,9941
TARMAT.NS,Industrials,132
TARSONS.NS,Healthcare,1179
TASTYBITE.NS,Consumer Defensive,1851
TATACAP.NS,Financial Services,139171
TATACHEM.NS,Basic Materials,20802
TATACOMM.NS,Communication Services,45029
TATACONSUM.NS,Consumer Defensive,115646
TATAELXSI.NS,Technology,25976
TATAINVEST.NS,Financial Services,36335
TATAPOWER.NS,Utilities,142384
TATASTEEL.NS,Basic Materials,266461
TATATECH.NS,Technology,23660
TATVA.NS,Basic Materials,3040
TBOTEK.NS,Consumer Cyclical,13685
TBZ.NS,Consumer Cyclical,978
TCC.NS,,0
TCI.NS,Industrials,7261
TCIEXP.NS,Industrials,2055
TCIFINANCE.NS,Financial Services,18
TCPLPACK.NS,Consumer Cyclical,2421
TCS.NS,Technology,881872
TDPOWERSYS.NS,Industrials,18189
TEAMGTY.NS,Financial Services,236
TEAMLEASE.NS,Industrials,2095
TECHM.NS,Technology,129064
TECHNOE.NS,Industrials,15379
TECHNVISN.NS,,0
TECILCHEM.NS,Financial Services,24
TEGA.NS,Industrials,12600
TEJASNET.NS,Technology,7530
TEMBO.NS,Industrials,944
TENNIND.NS,Consumer Cyclical,0
TERASOFT.NS,Technology,439
TEXINFRA.NS,Real Estate,1256
TEXMOPIPES.NS,Industrials,143
TEXRAIL.NS,Industrials,4410
TFCILTD.NS,Financial Services,3615
TFL.NS,Financial Services,69
TGBHOTELS.NS,Consumer Cyclical,28
THACKER.NS,,0
THAKDEV.NS,,0
THANGAMAYL.NS,Consumer Cyclical,12410
THEINVEST.NS,Financial Services,560
THEJO.NS,Industrials,1986
THELEELA.NS,Consumer Cyclical,14143
THEMISMED.NS,Healthcare,938
THERMAX.NS,Industrials,46128
THOMASCOOK.NS,Consumer Cyclical,4418
THOMASCOTT.NS,Consumer Cyclical,379
THYROCARE.NS,Healthcare,6743
TI.NS,Consumer Defensive,11687
TICL.NS,Industrials,373
TIGERLOGS.NS,Industrials,380
TIIL.NS,Industrials,5693
TIINDIA.NS,Industrials,57051
TIJARIA.NS,Industrials,13
TIL.NS,Industrials,1609
TIMETECHNO.NS,Consumer Cyclical,9387
TIMEX.NS,Consumer Cyclical,0
TIMKEN.NS,Industrials,25931
TINNARUBR.NS,Basic Materials,1398
TIPSFILMS.NS,Communication Services,167
TIPSMUSIC.NS,Communication Services,8378
TIRUMALCHM.NS,Basic Materials,2508
TIRUPATIFL.NS,Industrials,523
TITAGARH.NS,Industrials,10465
TITAN.NS,Consumer Cyclical,390388
TMB.NS,Financial Services,11927
TMCV.NS,Consumer Cyclical,151988
TMPV.NS,Consumer Cyclical,126933
TNPETRO.NS,Basic Materials,788
TNPL.NS,Basic Materials,1101
TNTELE.NS,Technology,43
TOKYOPLAST.NS,Consumer Cyclical,86
TOLINS.NS,Consumer Cyclical,426
TORNTPHARM.NS,Healthcare,144045
TORNTPOWER.NS,Utilities,86731
TOTAL.NS,Industrials,91
TOUCHWOOD.NS,Communication Services,83
TPHQ.NS,Industrials,61
TPLPLASTEH.NS,Consumer Cyclical,528
TRACXN.NS,Technology,362
TRANSPEK.NS,Basic Materials,0
TRANSRAILL.NS,Industrials,8156
TRANSWORLD.NS,Industrials,375
TRAVELFOOD.NS,Consumer Cyclical,17181
TREEHOUSE.NS,Consumer Defensive,33
TREJHARA.NS,Technology,381
TREL.NS,Real Estate,665
TRENT.NS,Consumer Cyclical,147065
TRF.NS,Industrials,301
TRIDENT.NS,Consumer Cyclical,13457
TRIGYN.NS,Technology,184
TRITURBINE.NS,Industrials,18364
TRIVENI.NS,Consumer Defensive,9151
TRU.NS,Financial Services,77
TRUALT.NS,Energy,4199
TSFINV.NS,Financial Services,9224
TTKHLTCARE.NS,Healthcare,1317
TTKPRESTIG.NS,Consumer Cyclical,7046
TTL.NS,Consumer Cyclical,204
TTML.NS,Communication Services,8482
TVSELECT.NS,Technology,886
TVSHLTD.NS,Consumer Cyclical,28863
TVSMOTOR.NS,Consumer Cyclical,167108
TVSSCS.NS,Industrials,5183
TVSSRICHAK.NS,Consumer Cyclical,2952
TVTODAY.NS,Communication Services,684
TVVISION.NS,Communication Services,20
UBL.NS,Consumer Defensive,38502
UCAL.NS,Consumer Cyclical,222
UCOBANK.NS,Financial Services,33493
UDS.NS,Industrials,1071
UEL.NS,Technology,2198
UFBL.NS,Consumer Cyclical,1426
UFLEX.NS,Consumer Cyclical,3213
UFO.NS,Communication Services,281
UGARSUGAR.NS,Consumer Defensive,490
UGROCAP.NS,Financial Services,1673
UJJIVANSFB.NS,Financial Services,11863
ULTRACEMCO.NS,Basic Materials,345561
ULTRAMAR.NS,Basic Materials,0
UMAEXPORTS.NS,Consumer Defensive,84
UMESLTD.NS,Consumer Defensive,15
UMIYA-MRO.NS,Real Estate,163
UNICHEMLAB.NS,Healthcare,2742
UNIDT.NS,Energy,415
UNIECOM.NS,Technology,1054
UNIENTER.NS,Basic Materials,746
UNIINFO.NS,Communication Services,13
UNIMECH.NS,Industrials,5262
UNIONBANK.NS,Financial Services,127397
UNIPARTS.NS,Industrials,2452
UNITDSPR.NS,Consumer Defensive,96453
UNITECH.NS,Real Estate,1276
UNITEDPOLY.NS,Consumer Cyclical,722
UNITEDTEA.NS,Consumer Defensive,274
UNIVAFOODS.NS,Financial Services,11
UNIVASTU.NS,Industrials,250
UNIVCABLES.NS,Industrials,3331
UNIVPHOTO.NS,Healthcare,522
UNOMINDA.NS,Consumer Cyclical,64694
UPL.NS,Basic Materials,54503
URAVIDEF.NS,Consumer Cyclical,157
URBANCO.NS,Technology,23593
URJA.NS,Technology,638
USHAMART.NS,Basic Materials,14328
USK.NS,Industrials,132
UTIAMC.NS,Financial Services,12348
UTKARSHBNK.NS,Financial Services,2678
UTLSOLAR.NS,Technology,9211
UTTAMSUGAR.NS,Consumer Defensive,998
UYFINCORP.NS,Financial Services,275
V2RETAIL.NS,Consumer Cyclical,7318
VADILALIND.NS,Consumer Defensive,3370
VAIBHAVGBL.NS,Consumer Cyclical,3753
VAISHALI.NS,Healthcare,96
VAKRANGEE.NS,Technology,740
VALIANTLAB.NS,Healthcare,415
VALIANTORG.NS,Basic Materials,736
VARDHACRLC.NS,Consumer Cyclical,330
VARDMNPOLY.NS,Consumer Cyclical,329
VARROC.NS,Consumer Cyclical,8310
VASCONEQ.NS,Industrials,950
VASWANI.NS,Basic Materials,188
VBL.NS,Consumer Defensive,174188
VCL.NS,Consumer Cyclical,27
VEDL.NS,Basic Materials,113258
VEEDOL.NS,Basic Materials,2462
VELJAN.NS,,0
VENKEYS.NS,Consumer Defensive,2232
VENTIVE.NS,Consumer Cyclical,14549
VENUSPIPES.NS,Basic Materials,2861
VENUSREM.NS,Healthcare,1299
VERANDA.NS,Consumer Defensive,1898
VERTOZ.NS,Technology,410
VESUVIUS.NS,Industrials,10462
VETO.NS,Industrials,211
VGL.NS,Consumer Cyclical,312
VGUARD.NS,Industrials,14582
VHL.NS,Financial Services,1152
VHLTD.NS,Consumer Cyclical,965
VIDHIING.NS,Basic Materials,1493
VIDYAWIRES.NS,Industrials,1881
VIJAYA.NS,Healthcare,11982
VIJIFIN.NS,Financial Services,55
VIKASECO.NS,Basic Materials,247
VIKASLIFE.NS,Consumer Defensive,291
VIKRAMSOLR.NS,Technology,8093
VIKRAN.NS,Industrials,1875
VIMTALABS.NS,Healthcare,2137
VINATIORGA.NS,Basic Materials,13989
VINCOFE.NS,Consumer Defensive,2010
VINDHYATEL.NS,Industrials,1762
VINEETLAB.NS,Basic Materials,72
VINNY.NS,Consumer Cyclical,53
VINYLINDIA.NS,Basic Materials,474
VIPCLOTHNG.NS,Consumer Cyclical,202
VIPIND.NS,Consumer Cyclical,4247
VIPULLTD.NS,Real Estate,133
VIRINCHI.NS,Technology,197
VISAKAIND.NS,Industrials,580
VISASTEEL.NS,Basic Materials,619
VISHNU.NS,Basic Materials,4204
VISHWARAJ.NS,Consumer Defensive,127
VITAL.NS,Basic Materials,147
VIVIDHA.NS,Consumer Cyclical,17
VIVIMEDLAB.NS,Healthcare,58
VIYASH.NS,Healthcare,8990
VLEGOV.NS,Technology,162
VLSFINANCE.NS,Financial Services,735
VMART.NS,Consumer Cyclical,5062
VMM.NS,Consumer Cyclical,58265
VMSTMT.NS,Basic Materials,244
VOLTAMP.NS,Industrials,12230
VOLTAS.NS,Consumer Cyclical,48391
VPRPL.NS,Industrials,538
VRAJ.NS,Basic Materials,427
VRLLOG.NS,Industrials,4494
VSSL.NS,Basic Materials,2731
VSTIND.NS,Consumer Defensive,4380
VSTL.NS,Basic Materials,246
VSTTILLERS.NS,Industrials,4606
VTL.NS,Consumer Cyclical,17926
WAAREEENER.NS,Technology,89948
WAAREEINDO.NS,Technology,1766
WAAREERTL.NS,Utilities,10715
WABAG.NS,Industrials,9423
WAKEFIT.NS,Consumer Cyclical,4826
WALCHANNAG.NS,Industrials,1709
WANBURY.NS,Healthcare,899
WCIL.NS,Industrials,1113
WEALTH.NS,Financial Services,1011
WEBELSOLAR.NS,Technology,5044
WEIZMANIND.NS,Consumer Cyclical,130
WEL.NS,Consumer Cyclical,1424
WELCORP.NS,Basic Materials,32765
WELENT.NS,Industrials,7274
WELINV.NS,Financial Services,537
WELSPLSOL.NS,,0
WELSPUNLIV.NS,Consumer Cyclical,12353
WENDT.NS,Industrials,1410
WESTLIFE.NS,Consumer Cyclical,7697
WEWIN.NS,Technology,53
WEWORK.NS,Real Estate,7368
WHEELS.NS,Consumer Cyclical,3171
WHIRLPOOL.NS,Consumer Cyclical,12500
WILLAMAGOR.NS,Financial Services,31
WIMPLAST.NS,Consumer Cyclical,0
WINDLAS.NS,Healthcare,1815
WINDMACHIN.NS,Industrials,2739
WINSOME.NS,Consumer Cyclical,13
WIPL.NS,Basic Materials,136
WIPRO.NS,Technology,210984
WOCKPHARMA.NS,Healthcare,23228
WONDERLA.NS,Consumer Cyclical,3360
WORTHPERI.NS,Consumer Cyclical,213
WPIL.NS,,0
WSI.NS,Industrials,556
WSTCSTPAPR.NS,Basic Materials,3364
XCHANGING.NS,Technology,742
XELPMOC.NS,Technology,162
XPROINDIA.NS,Basic Materials,2455
XTGLOBAL.NS,Technology,431
YASHO.NS,Basic Materials,1814
YATHARTH.NS,Healthcare,7949
YATRA.NS,Consumer Cyclical,1631
YESBANK.NS,Financial Services,63514
YUKEN.NS,Industrials,1025
ZAGGLE.NS,Technology,3362
ZEEL.NS,Communication Services,8764
ZEELEARN.NS,Consumer Defensive,172
ZEEMEDIA.NS,Communication Services,525
ZENITHEXPO.NS,Consumer Cyclical,116
ZENITHSTL.NS,Basic Materials,90
ZENSARTECH.NS,Technology,11666
ZENTEC.NS,Industrials,13426
ZFCVINDIA.NS,Consumer Cyclical,28155
ZFSTEERING.NS,Consumer Cyclical,0
ZIMLAB.NS,Healthcare,497
ZODIAC.NS,,0
ZODIACLOTH.NS,Consumer Cyclical,219
ZOTA.NS,Healthcare,4027
ZSARACOM.NS,,0
ZUARI.NS,Basic Materials,1013
ZUARIIND.NS,Industrials,792
ZYDUSLIFE.NS,Healthcare,90661
ZYDUSWELL.NS,Consumer Defensive,16377
