symbol,price,market_cap,sector
20MICRONS.NS,177.81,627,Basic Materials
21STCENMGM.NS,36.74,38,Financial Services
360ONE.NS,1040.0,42254,Financial Services
3BBLACKBIO.NS,1194.8,0,
3MINDIA.NS,33365.0,37585,Industrials
5PAISA.NS,343.5,1610,Financial Services
63MOONS.NS,746.0,8591,Technology
AAATECH.NS,99.41,127,Technology
AADHARHFC.NS,491.0,21393,Financial Services
AAREYDRUGS.NS,90.0,255,Healthcare
AARNAV.NS,23.35,0,
AARON.NS,138.01,289,Industrials
AARTECH.NS,48.49,154,Industrials
AARTIDRUGS.NS,377.0,3440,Healthcare
AARTIIND.NS,507.0,18407,Basic Materials
AARTIPHARM.NS,747.0,6772,Healthcare
AARTISURF.NS,409.0,346,Basic Materials
AARVI.NS,125.0,185,Industrials
AAVAS.NS,1384.0,10972,Financial Services
ABANSENT.NS,43.6,0,
ABB.NS,7259.0,153824,Industrials
ABBOTINDIA.NS,25410.0,53994,Healthcare
ABCAPITAL.NS,345.75,90604,Financial Services
ABCOTS.NS,223.5,490,Consumer Cyclical
ABDL.NS,533.7,14928,Consumer Defensive
ABFRL.NS,63.9,7772,Consumer Cyclical
ABLBL.NS,102.99,12509,Consumer Cyclical
ABMINTLLTD.NS,41.61,39,Basic Materials
ABMKNO.NS,226.95,0,
ABREL.NS,1488.9,16463,Real Estate
ABSLAMC.NS,1016.0,29372,Financial Services
ACC.NS,1417.9,26626,Basic Materials
ACCELYA.NS,1160.0,1731,Technology
ACE.NS,884.5,10527,Industrials
ACI.NS,605.0,7469,Basic Materials
ACL.NS,56.5,520,Basic Materials
ACMESOLAR.NS,301.4,18243,Utilities
ACSTECH.NS,38.35,0,
ACUTAAS.NS,2592.1,21221,Basic Materials
ADANIENSOL.NS,1344.95,161566,Utilities
ADANIENT.NS,2410.5,330466,Energy
ADANIGREEN.NS,1231.0,202767,Utilities
ADANIPORTS.NS,1675.5,386028,Industrials
ADANIPOWER.NS,222.08,428274,Utilities
ADFFOODS.NS,264.0,2900,Consumer Defensive
ADL.NS,72.5,40,Consumer Cyclical
ADOR.NS,1081.0,1881,Industrials
ADSL.NS,113.99,644,Technology
ADVAIT.NS,2024.5,2214,Industrials
ADVANCE.NS,111.5,716,Basic Materials
ADVANIHOTR.NS,54.37,502,Consumer Cyclical
ADVENTHTL.NS,152.25,821,Consumer Cyclical
ADVENZYMES.NS,346.1,3873,Basic Materials
AEGISLOG.NS,703.0,24675,Energy
AEGISVOPAK.NS,190.0,21051,Energy
AEQUS.NS,188.5,12344,Industrials
AEROENTER.NS,93.1,1052,Basic Materials
AEROFLEX.NS,304.0,4022,Industrials
AERONEU.NS,89.5,230,Consumer Cyclical
AETHER.NS,1174.4,15581,Basic Materials
AFCONS.NS,337.9,12427,Industrials
AFFLE.NS,1421.0,19985,Communication Services
AFFORDABLE.NS,177.0,209,Industrials
AFSL.NS,201.0,1020,Financial Services
AGARIND.NS,417.0,623,Basic Materials
AGARWALEYE.NS,445.0,14104,Healthcare
AGI.NS,633.15,4096,Consumer Cyclical
AGIIL.NS,394.25,4928,Real Estate
AGRITECH.NS,109.0,64,Consumer Defensive
AGROPHOS.NS,32.13,65,Basic Materials
AHLADA.NS,46.69,60,Industrials
AHLEAST.NS,161.3,278,Consumer Cyclical
AHLUCONT.NS,894.0,5988,Industrials
AHLWEST.NS,361.73,421,Consumer Cyclical
AIAENG.NS,3951.0,36870,Industrials
AIIL.NS,477.0,40508,Financial Services
AIROLAM.NS,84.1,126,Consumer Cyclical
AJANTPHARM.NS,2830.0,35356,Healthcare
AJAXENGG.NS,520.45,5954,Industrials
AJMERA.NS,122.5,2410,Real Estate
AKASH.NS,26.6,44,Industrials
AKCAPIT.NS,1688.0,0,
AKSHARCHEM.NS,199.23,160,Basic Materials
AKUMS.NS,549.1,8406,Healthcare
ALBERTDAVD.NS,715.0,408,Healthcare
ALEMBICLTD.NS,92.3,2370,Real Estate
ALGOQUANT.NS,54.3,1526,Financial Services
ALICON.NS,702.5,1147,Industrials
ALIVUS.NS,1025.2,12582,Healthcare
ALKALI.NS,67.0,68,Basic Materials
ALKEM.NS,5429.5,64917,Healthcare
ALKYLAMINE.NS,1511.1,7728,Basic Materials
ALLDIGI.NS,832.95,1269,Industrials
ALLTIME.NS,236.0,1545,Consumer Defensive
ALPA.NS,66.8,140,Healthcare
ALPHAGEO.NS,218.0,138,Energy
AMAGI.NS,409.5,8859,Technology
AMANTA.NS,131.5,510,Healthcare
AMBALALSA.NS,31.55,0,Healthcare
AMBER.NS,8020.0,28246,Consumer Cyclical
AMBICAAGAR.NS,23.83,40,Consumer Defensive
AMBIKCO.NS,1493.1,854,Consumer Cyclical
AMBUJACEM.NS,443.95,110313,Basic Materials
AMDIND.NS,44.0,84,Consumer Cyclical
AMIRCHAND.NS,134.5,0,Consumer Defensive
AMJLAND.NS,40.3,165,Real Estate
AMNPLST.NS,164.99,907,Basic Materials
AMRUTANJAN.NS,570.25,1648,Healthcare
ANANDRATHI.NS,3582.4,29741,Financial Services
ANANTRAJ.NS,486.0,17490,Real Estate
ANDHRAPAP.NS,66.59,1324,Basic Materials
ANDHRSUGAR.NS,98.0,1328,Basic Materials
ANGELONE.NS,309.0,28180,Financial Services
ANIKINDS.NS,45.49,126,Consumer Defensive
ANTELOPUS.NS,686.0,2412,Energy
ANTHEM.NS,760.0,42690,Healthcare
ANUHPHR.NS,81.09,812,Healthcare
ANUP.NS,2045.0,4096,Industrials
ANURAS.NS,1342.4,15282,Basic Materials
APARINDS.NS,12351.0,49611,Industrials
APCL.NS,115.7,339,Basic Materials
APCOTEXIND.NS,397.4,2060,Basic Materials
APEX.NS,467.0,1459,Consumer Defensive
APLAPOLLO.NS,1907.0,52949,Basic Materials
APLLTD.NS,753.0,14801,Healthcare
APOLLO.NS,298.0,11205,Industrials
APOLLOHOSP.NS,7650.0,109995,Healthcare
APOLLOPIPE.NS,450.1,1976,Industrials
APOLLOTYRE.NS,409.0,25872,Consumer Cyclical
APOLSINHOT.NS,1159.0,301,Industrials
APTECHT.NS,103.41,599,Consumer Defensive
APTUS.NS,259.5,12994,Financial Services
AQYLON.NS,49.4,1253,Communication Services
ARCHIDPLY.NS,84.12,168,Basic Materials
ARE&M.NS,874.6,16007,Industrials
ARENTERP.NS,39.5,12,Basic Materials
ARFIN.NS,94.98,1602,Basic Materials
ARIES.NS,369.0,479,Basic Materials
ARIHANT.NS,935.0,804,Real Estate
ARIHANTCAP.NS,70.2,769,Financial Services
ARIHANTSUP.NS,279.0,1206,Real Estate
ARIS.NS,137.01,1120,Industrials
ARKADE.NS,117.6,2183,Real Estate
ARMANFIN.NS,1487.0,1563,Financial Services
AROGRANITE.NS,27.0,41,Industrials
ARROWGREEN.NS,533.0,804,Consumer Cyclical
ARSSBL.NS,599.0,3757,Financial Services
ARTEMISMED.NS,244.56,0,
ARTNIRMAN.NS,44.52,111,Real Estate
ARVEE.NS,168.0,185,Basic Materials
ARVIND.NS,397.35,10415,Consumer Cyclical
ARVINDFASN.NS,446.0,5961,Consumer Cyclical
ARVSMART.NS,618.0,2834,Real Estate
ASAHIINDIA.NS,836.95,21336,Consumer Cyclical
ASAHISONG.NS,246.5,290,Basic Materials
ASAL.NS,512.0,812,Consumer Cyclical
ASALCBR.NS,882.0,1770,Consumer Defensive
ASHAPURMIN.NS,631.0,6027,Basic Materials
ASHIANA.NS,342.85,3446,Real Estate
ASHIKA.NS,396.0,0,
ASHOKA.NS,133.9,3758,Industrials
ASHOKLEY.NS,162.55,95479,Industrials
ASIANENE.NS,319.37,1434,Energy
ASIANHOTNR.NS,296.9,1265,Consumer Cyclical
ASIANPAINT.NS,2450.0,234867,Basic Materials
ASIANTILES.NS,65.7,1947,Industrials
ASKAUTOLTD.NS,441.0,8693,Consumer Cyclical
ASPINWALL.NS,229.2,179,Consumer Defensive
ASTAR.NS,622.6,0,
ASTEC.NS,695.0,1548,Basic Materials
ASTERDM.NS,707.0,36547,Healthcare
ASTRAL.NS,1534.4,41221,Industrials
ASTRAMICRO.NS,1130.0,10728,Technology
ASTRAZEN.NS,8250.0,20625,Healthcare
ATALREAL.NS,26.1,323,Industrials
ATAM.NS,68.5,78,Industrials
ATGL.NS,634.9,69826,Utilities
ATHERENERG.NS,933.75,35732,Consumer Cyclical
ATL.NS,25.33,739,Industrials
ATLANTAA.NS,40.53,330,Industrials
ATLANTAELE.NS,1785.0,13726,Industrials
ATLASCYCLE.NS,101.69,66,Consumer Cyclical
ATUL.NS,6825.0,20093,Basic Materials
ATULAUTO.NS,491.0,1362,Consumer Cyclical
AUBANK.NS,1013.35,75834,Financial Services
AURIONPRO.NS,872.4,4816,Technology
AUROPHARMA.NS,1385.6,80475,Healthcare
AURUM.NS,183.8,1401,Real Estate
AUSOMENT.NS,147.2,200,Financial Services
AUTOAXLES.NS,1838.0,2777,Consumer Cyclical
AUTOIND.NS,64.6,293,Consumer Cyclical
AVADHSUGAR.NS,491.3,983,Consumer Defensive
AVAILFC.NS,150.6,0,
AVALON.NS,1063.0,7097,Technology
AVANTEL.NS,148.5,3945,Technology
AVANTIFEED.NS,1378.9,18786,Consumer Defensive
AVG.NS,164.14,247,Industrials
AVL.NS,521.0,6728,Consumer Cyclical
AVROIND.NS,125.5,168,Consumer Cyclical
AVTNPL.NS,69.75,1062,Basic Materials
AWFIS.NS,351.0,2511,Industrials
AWHCL.NS,511.0,1449,Industrials
AWL.NS,196.0,25358,Consumer Defensive
AXISBANK.NS,1275.5,396503,Financial Services
AXISCADES.NS,2019.0,8584,Industrials
AYE.NS,131.6,3217,Financial Services
AYMSYNTEX.NS,229.0,1342,Consumer Cyclical
AZAD.NS,2179.0,14072,Industrials
BAFNAPH.NS,134.0,316,Healthcare
BAJAJ-AUTO.NS,10039.0,280335,Consumer Cyclical
BAJAJCON.NS,450.1,5879,Consumer Defensive
BAJAJELEC.NS,396.75,4578,Consumer Cyclical
BAJAJFINSV.NS,1741.7,278236,Financial Services
BAJAJHCARE.NS,321.0,1080,Healthcare
BAJAJHFL.NS,87.15,72584,Financial Services
BAJAJHIND.NS,20.32,4791,Consumer Defensive
BAJAJHLDNG.NS,10241.0,113975,Financial Services
BAJAJINDEF.NS,297.7,952,Industrials
BAJAJST.NS,455.95,0,
BAJEL.NS,188.3,2178,Utilities
BAJFINANCE.NS,939.7,584293,Financial Services
BALAJEE.NS,31.97,260,Consumer Cyclical
BALAJITELE.NS,97.6,1189,Communication Services
BALAMINES.NS,1337.0,4332,Basic Materials
BALAXI.NS,26.65,147,Healthcare
BALKRISIND.NS,2161.0,41775,Consumer Cyclical
BALMLAWRIE.NS,188.69,3226,Industrials
BALPHARMA.NS,76.05,121,Healthcare
BALRAMCHIN.NS,523.0,10562,Consumer Defensive
BALUFORGE.NS,544.0,6606,Industrials
BANARBEADS.NS,114.7,76,Consumer Cyclical
BANARISUG.NS,3711.1,4653,Consumer Defensive
BANCOINDIA.NS,613.8,8779,Consumer Cyclical
BANDHANBNK.NS,201.0,32380,Financial Services
BANG.NS,38.8,52,Consumer Cyclical
BANKA.NS,82.19,89,Industrials
BANKBARODA.NS,264.1,136575,Financial Services
BANKINDIA.NS,139.94,63710,Financial Services
BANSALWIRE.NS,298.9,4679,Basic Materials
BANSWRAS.NS,118.75,406,Consumer Cyclical
BASF.NS,3648.0,15790,Basic Materials
BASML.NS,24.51,195,Consumer Cyclical
BATAINDIA.NS,719.6,9248,Consumer Cyclical
BATLIBOI.NS,82.25,0,Industrials
BAYERCROP.NS,4798.0,21563,Basic Materials
BBL.NS,3122.0,3528,Industrials
BBOX.NS,642.3,11400,Technology
BBTC.NS,1498.5,10455,Consumer Defensive
BBTCL.NS,191.02,391,Consumer Cyclical
BCLIND.NS,35.94,1060,Consumer Defensive
BCONCEPTS.NS,240.0,299,Consumer Cyclical
BCPL.NS,84.95,142,Industrials
BDL.NS,1372.0,50292,Industrials
BEARDSELL.NS,25.96,102,Industrials
BECTORFOOD.NS,195.7,6007,Consumer Defensive
BEDMUTHA.NS,110.71,357,Basic Materials
BEEKAY.NS,435.0,0,
BEL.NS,431.8,315636,Industrials
BELLACASA.NS,257.0,344,Consumer Cyclical
BELRISE.NS,213.47,18996,Consumer Cyclical
BEML.NS,1794.9,14949,Industrials
BENGALASM.NS,6156.6,0,
BEPL.NS,96.0,2389,Basic Materials
BERGEPAINT.NS,471.0,54918,Basic Materials
BETA.NS,1320.0,1332,Healthcare
BFINVEST.NS,418.95,1578,Financial Services
BFUTILITIE.NS,555.0,2090,Industrials
BGRENERGY.NS,280.87,2026,Industrials
BHAGCHEM.NS,262.2,3399,Basic Materials
BHAGERIA.NS,172.5,752,Basic Materials
BHAGYANGR.NS,269.5,862,Basic Materials
BHARATCOAL.NS,33.43,0,Basic Materials
BHARATFORG.NS,1890.0,90358,Consumer Cyclical
BHARATGEAR.NS,106.95,164,Consumer Cyclical
BHARATRAS.NS,1388.0,2307,Basic Materials
BHARATSE.NS,188.0,1180,Consumer Cyclical
BHARATWIRE.NS,220.1,1510,Basic Materials
BHARTIARTL.NS,1891.0,1151897,Communication Services
BHARTIHEXA.NS,1517.0,75850,Communication Services
BHEL.NS,352.4,122707,Industrials
BI.NS,60.5,0,
BIGBLOC.NS,48.04,680,Industrials
BIKAJI.NS,675.0,16924,Consumer Defensive
BIL.NS,769.95,1032,Consumer Cyclical
BIMETAL.NS,603.0,0,Consumer Cyclical
BIOCON.NS,358.65,58077,Healthcare
BIOFILCHEM.NS,33.99,55,Healthcare
BIRLACABLE.NS,155.64,466,Technology
BIRLACORPN.NS,918.0,7069,Basic Materials
BIRLAMONEY.NS,147.0,830,Financial Services
BIRLANU.NS,1356.1,1022,Industrials
BIRLAPREC.NS,34.0,0,
BLACKBUCK.NS,548.0,9967,Technology
BLACKROSE.NS,85.45,0,
BLAL.NS,191.17,796,Financial Services
BLIL.NS,72.8,0,
BLISSGVS.NS,276.5,2925,Healthcare
BLKASHYAP.NS,57.16,1288,Industrials
BLS.NS,277.5,11424,Industrials
BLSE.NS,197.0,1785,Industrials
BLUECOAST.NS,31.09,53,Consumer Cyclical
BLUEDART.NS,5454.2,12941,Industrials
BLUEJET.NS,443.4,7691,Healthcare
BLUESTARCO.NS,1781.0,36616,Industrials
BLUESTONE.NS,504.3,7683,Consumer Cyclical
BLUSPRING.NS,65.0,971,Industrials
BMWVENTLTD.NS,63.95,554,Basic Materials
BNAGROCHEM.NS,246.95,0,
BNALTD.NS,400.0,0,
BODALCHEM.NS,67.12,845,Basic Materials
BOMDYEING.NS,113.01,2334,Consumer Cyclical
BONLON.NS,51.3,84,Basic Materials
BORANA.NS,346.0,921,Consumer Cyclical
BOROLTD.NS,245.05,2930,Consumer Cyclical
BORORENEW.NS,503.0,7051,Technology
BOROSCI.NS,115.1,1023,Consumer Cyclical
BOSCH-HCIL.NS,1389.0,3776,Consumer Cyclical
BOSCHLTD.NS,36145.0,106604,Consumer Cyclical
BPCL.NS,301.7,130892,Energy
BPL.NS,55.61,272,Technology
BRIGADE.NS,786.3,19232,Real Estate
BRIGHOTEL.NS,66.82,2538,Consumer Cyclical
BRITANNIA.NS,5729.0,137993,Consumer Defensive
BRNL.NS,20.98,176,Industrials
BROOKS.NS,56.16,165,Healthcare
BSE.NS,3635.0,147627,Financial Services
BSHSL.NS,98.0,1028,Basic Materials
BSL.NS,124.71,128,Consumer Cyclical
BSOFT.NS,369.0,10313,Technology
BTTL.NS,33.75,0,Consumer Cyclical
BUILDPRO.NS,1113.95,2701,Consumer Cyclical
BUTTERFLY.NS,596.0,1065,Consumer Cyclical
BVCL.NS,45.85,101,Basic Materials
BYKE.NS,36.83,192,Consumer Cyclical
CAMLINFINE.NS,127.35,2446,Basic Materials
CAMPUS.NS,249.9,7636,Consumer Cyclical
CAMS.NS,740.0,18350,Technology
CANBK.NS,134.7,122181,Financial Services
CANFINHOME.NS,871.0,11597,Financial Services
CANHLIFE.NS,140.82,13342,Financial Services
CANTABIL.NS,241.12,2016,Consumer Cyclical
CAPACITE.NS,252.5,2136,Industrials
CAPILLARY.NS,551.5,4374,Technology
CAPITALSFB.NS,280.0,1271,Financial Services
CAPLIPOINT.NS,1705.0,12959,Healthcare
CARBORUNIV.NS,958.0,18249,Industrials
CARERATING.NS,1664.0,5000,Financial Services
CARRARO.NS,555.65,3158,Consumer Cyclical
CARTRADE.NS,1624.0,7783,Consumer Cyclical
CARYSIL.NS,896.0,2548,Consumer Cyclical
CASTROLIND.NS,185.32,18330,Energy
CCL.NS,1130.0,15051,Consumer Defensive
CDSL.NS,1273.8,26622,Financial Services
CEATLTD.NS,3450.0,13917,Consumer Cyclical
CEIGALL.NS,334.1,5820,Industrials
CEINSYS.NS,1068.45,2237,Industrials
CELLO.NS,419.6,9268,Consumer Cyclical
CEMPRO.NS,815.25,14004,Industrials
CENTENKA.NS,420.1,917,Consumer Cyclical
CENTEXT.NS,21.79,174,Basic Materials
CENTRALBK.NS,36.43,32974,Financial Services
CENTRUM.NS,24.55,1268,Financial Services
CENTUM.NS,2835.0,4179,Technology
CENTURYPLY.NS,800.0,17773,Basic Materials
CERA.NS,5230.0,6743,Industrials
CESC.NS,188.0,24920,Utilities
CEWATER.NS,308.8,639,Utilities
CGCL.NS,186.35,17929,Financial Services
CGPOWER.NS,813.9,128192,Industrials
CHALET.NS,755.7,16549,Consumer Cyclical
CHAMBLFERT.NS,437.05,17510,Basic Materials
CHEMBOND.NS,154.95,208,Basic Materials
CHEMBONDCH.NS,151.92,408,Basic Materials
CHEMCON.NS,161.6,591,Basic Materials
CHEMFAB.NS,407.2,585,Basic Materials
CHEMPLASTS.NS,229.05,3621,Basic Materials
CHENNPETRO.NS,1123.05,16723,Energy
CHEVIOT.NS,1162.0,678,Consumer Cyclical
CHOICEIN.NS,664.0,14792,Financial Services
CHOLAFIN.NS,1570.5,133857,Financial Services
CHOLAHLDNG.NS,1546.1,29032,Financial Services
CIEINDIA.NS,474.0,17981,Consumer Cyclical
CIFL.NS,28.75,1124,Financial Services
CIGNITITEC.NS,1184.5,3262,Technology
CINELINE.NS,87.0,298,Communication Services
CIPLA.NS,1305.0,105415,Healthcare
CLEAN.NS,820.9,8724,Basic Materials
CLEANMAX.NS,1140.0,13347,Utilities
CLEDUCATE.NS,46.0,249,Consumer Defensive
CLSEL.NS,280.0,1392,Consumer Defensive
CMPDI.NS,181.5,0,Basic Materials
CMSINFO.NS,289.55,4767,Industrials
CNL.NS,615.0,923,Technology
COALINDIA.NS,481.6,296796,Energy
COASTCORP.NS,57.66,386,Consumer Defensive
COCHINSHIP.NS,1740.0,45776,Industrials
COCKERILL.NS,5100.55,0,Industrials
COFFEEDAY.NS,26.5,559,Consumer Cyclical
COFORGE.NS,1197.1,40204,Technology
COHANCE.NS,480.7,18407,Healthcare
COLPAL.NS,2100.0,57116,Consumer Defensive
COMSYN.NS,153.0,617,Consumer Cyclical
CONCOR.NS,508.15,38701,Industrials
CONCORDBIO.NS,1138.5,11910,Healthcare
CONFIPET.NS,54.01,1794,Energy
CONSOFINVT.NS,225.0,727,Financial Services
CONTROLPR.NS,639.0,1022,Industrials
CORALFINAC.NS,34.7,139,Real Estate
CORDSCABLE.NS,179.0,231,Industrials
COROMANDEL.NS,1994.8,58790,Basic Materials
CORONA.NS,1730.0,0,Healthcare
COSMOFIRST.NS,715.0,1856,Consumer Cyclical
CPCAP.NS,94.5,171,Financial Services
CPEDU.NS,215.0,391,Consumer Defensive
CPPLUS.NS,2325.0,27388,Industrials
CRAFTSMAN.NS,7667.0,18290,Consumer Cyclical
CRAMC.NS,254.2,5069,Financial Services
CREDITACC.NS,1300.0,20810,Financial Services
CREST.NS,367.95,1040,Financial Services
CRISIL.NS,4270.0,31226,Financial Services
CRIZAC.NS,210.0,3674,Consumer Defensive
CROMPTON.NS,270.8,17699,Consumer Cyclical
CROWN.NS,129.93,145,Industrials
CSBBANK.NS,386.0,6541,Financial Services
CSLFINANCE.NS,226.0,508,Financial Services
CTE.NS,33.16,63,Technology
CUB.NS,270.0,20063,Financial Services
CUBEXTUB.NS,98.01,140,Basic Materials
CUMMINSIND.NS,5269.8,146078,Industrials
CUPID.NS,119.99,16134,Consumer Defensive
CURAA.NS,101.99,100,Technology
CYBERTECH.NS,127.0,395,Technology
CYIENT.NS,872.35,9634,Industrials
CYIENTDLM.NS,394.75,3132,Technology
DABUR.NS,442.95,78565,Consumer Defensive
DAICHI.NS,263.05,0,
DALBHARAT.NS,1905.9,35779,Basic Materials
DALMIASUG.NS,398.15,3222,Consumer Defensive
DAMCAPITAL.NS,153.77,1086,Financial Services
DAMODARIND.NS,32.09,74,Consumer Cyclical
DATAMATICS.NS,737.0,4356,Technology
DATAPATTNS.NS,4078.8,22834,Industrials
DBCORP.NS,215.35,3838,Communication Services
DBEIL.NS,85.43,397,Industrials
DBL.NS,461.25,7492,Industrials
DBOL.NS,125.43,825,Consumer Defensive
DBREALTY.NS,103.4,5608,Real Estate
DBSTOCKBRO.NS,27.13,94,Financial Services
DCAL.NS,183.79,2881,Healthcare
DCBBANK.NS,187.0,6019,Financial Services
DCI.NS,286.9,470,Technology
DCM.NS,82.6,154,Industrials
DCMNVL.NS,142.5,266,Consumer Cyclical
DCMSHRIRAM.NS,1208.0,18705,Industrials
DCMSIL.NS,65.55,570,Industrials
DCMSRIND.NS,43.0,374,Consumer Defensive
DCW.NS,47.3,1650,Basic Materials
DCXINDIA.NS,201.75,2247,Industrials
DDEVPLSTIK.NS,251.5,2602,Basic Materials
DECCANCE.NS,652.0,913,Basic Materials
DECNGOLD.NS,124.5,0,
DEEDEV.NS,417.6,2892,Industrials
DEEPAKFERT.NS,1242.75,15704,Basic Materials
DEEPAKNTR.NS,1737.6,23699,Basic Materials
DEEPINDS.NS,487.85,3122,Energy
DELHIVERY.NS,467.0,34964,Industrials
DELTACORP.NS,71.0,1901,Consumer Cyclical
DELTAMAGNT.NS,61.5,66,Consumer Cyclical
DEN.NS,27.72,1321,Communication Services
DENORA.NS,859.95,456,Industrials
DENTA.NS,278.01,742,Industrials
DEVIT.NS,31.56,177,Technology
DEVX.NS,42.67,384,Real Estate
DEVYANI.NS,125.15,15430,Consumer Cyclical
DGCONTENT.NS,31.25,181,Communication Services
DHAMPURSUG.NS,157.5,1012,Consumer Defensive
DHANBANK.NS,30.58,1206,Financial Services
DHANUKA.NS,1082.0,4877,Basic Materials
DHARMAJ.NS,260.05,878,Basic Materials
DHRUV.NS,35.29,66,Industrials
DHUNINV.NS,912.45,556,Financial Services
DIACABS.NS,157.01,8273,Industrials
DIAMINESQ.NS,262.0,263,Basic Materials
DIAMONDYD.NS,999.0,2388,Consumer Defensive
DICIND.NS,523.6,480,Basic Materials
DIFFNKG.NS,305.0,1132,Industrials
DIGIDRIVE.NS,24.0,92,Consumer Cyclical
DIGISPICE.NS,20.9,490,Financial Services
DIGITIDE.NS,96.64,1440,Industrials
DIGJAMLMTD.NS,45.75,91,Consumer Cyclical
DISAQ.NS,12265.0,0,
DIVGIITTS.NS,722.0,2208,Consumer Cyclical
DIVISLAB.NS,6508.0,172766,Healthcare
DIXON.NS,11220.0,68089,Technology
DJML.NS,92.89,306,Industrials
DLF.NS,587.15,145337,Real Estate
DLINKINDIA.NS,451.0,1601,Technology
DMART.NS,4614.0,300889,Consumer Defensive
DMCC.NS,276.01,688,Basic Materials
DODLA.NS,1089.0,6569,Consumer Defensive
DOLATALGO.NS,77.5,1363,Financial Services
DOLLAR.NS,306.12,1736,Consumer Cyclical
DOLPHIN.NS,419.75,1679,Energy
DOMS.NS,2290.6,13901,Industrials
DONEAR.NS,91.0,473,Consumer Cyclical
DPABHUSHAN.NS,1035.05,2362,Consumer Cyclical
DPWIRES.NS,178.06,276,Industrials
DRAGARWQ.NS,4995.0,0,
DREAMFOLKS.NS,81.98,436,Industrials
DREDGECORP.NS,940.0,2631,Industrials
DRREDDY.NS,1325.0,110318,Healthcare
DSFCL.NS,26.11,227,Basic Materials
DSSL.NS,1082.5,1378,Technology
DTIL.NS,139.0,146,Consumer Defensive
DVL.NS,240.4,841,Financial Services
DWARKESH.NS,47.26,875,Consumer Defensive
DYCL.NS,370.99,1797,Industrials
DYNAMATECH.NS,11740.0,7973,Consumer Cyclical
DYNPRO.NS,223.0,277,Basic Materials
E2E.NS,2890.0,5773,Technology
EASTSILK.NS,59.1,29,Consumer Cyclical
EBGNG.NS,424.7,4842,Technology
ECLERX.NS,1430.0,13326,Technology
ECOSMOBLTY.NS,137.5,824,Industrials
EDELWEISS.NS,114.0,10790,Financial Services
EFCIL.NS,195.0,2677,Real Estate
EICHERMOT.NS,7110.0,195037,Consumer Cyclical
EIDPARRY.NS,844.4,15024,Basic Materials
EIEL.NS,212.5,3730,Industrials
EIFFL.NS,250.0,620,Consumer Defensive
EIHAHOTELS.NS,324.95,1980,Consumer Cyclical
EIHOTEL.NS,319.5,19980,Consumer Cyclical
EIMCOELECO.NS,1597.0,921,Industrials
EKC.NS,119.26,1338,Industrials
ELANTAS.NS,9540.5,0,Basic Materials
ELCIDIN.NS,124001.0,0,
ELDEHSG.NS,815.2,801,Real Estate
ELECON.NS,508.0,11399,Industrials
ELECTCAST.NS,81.91,5063,Industrials
ELECTHERM.NS,806.2,1027,Basic Materials
ELGIEQUIP.NS,547.2,17250,Industrials
ELGIRUBCO.NS,52.75,264,Consumer Cyclical
ELIN.NS,122.95,611,Industrials
ELITECON.NS,37.1,0,
ELLEN.NS,266.0,3748,Basic Materials
ELPROINTL.NS,108.8,1843,Unknown
EMAMILTD.NS,445.0,19424,Consumer Defensive
EMAMIPAP.NS,79.0,477,Basic Materials
EMAMIREAL.NS,89.0,463,Real Estate
EMCURE.NS,1695.5,32144,Healthcare
EMIL.NS,125.0,4809,Consumer Cyclical
EMKAY.NS,223.54,588,Financial Services
EMMBI.NS,83.91,161,Consumer Cyclical
EMMVEE.NS,262.49,18173,Technology
EMSLIMITED.NS,348.0,1932,Industrials
EMUDHRA.NS,486.8,3993,Technology
ENDURANCE.NS,2330.0,32774,Consumer Cyclical
ENGINERSIN.NS,253.2,14230,Industrials
ENIL.NS,118.1,562,Communication Services
ENRIN.NS,3280.0,116807,Utilities
ENTERO.NS,1208.0,5256,Healthcare
EPACK.NS,281.5,2708,Consumer Cyclical
EPACKPEB.NS,201.7,2029,Industrials
EPIGRAL.NS,1197.6,5166,Basic Materials
EPL.NS,227.35,7280,Consumer Cyclical
EQUITASBNK.NS,66.8,7623,Financial Services
ERIS.NS,1321.0,18301,Healthcare
ESABINDIA.NS,6295.0,9689,Industrials
ESAFSFB.NS,26.49,1366,Financial Services
ESCORTS.NS,3278.0,36066,Industrials
ESSARSHPNG.NS,26.99,561,Industrials
ESTER.NS,89.55,873,Basic Materials
ETERNAL.NS,246.6,226721,Consumer Cyclical
ETHOSLTD.NS,2400.0,6421,Consumer Cyclical
EUREKAFORB.NS,504.9,9769,Consumer Cyclical
EUROBOND.NS,173.5,425,Industrials
EUROPRATIK.NS,270.7,2766,Basic Materials
EVEREADY.NS,333.0,2420,Industrials
EVERESTIND.NS,379.0,600,Industrials
EXCELINDUS.NS,955.05,1200,Basic Materials
EXCELSOFT.NS,93.0,1070,Technology
EXICOM.NS,115.5,1606,Industrials
EXIDEIND.NS,359.5,30557,Consumer Cyclical
EXPLEOSOL.NS,817.0,1267,Technology
FABTECH.NS,170.0,755,Healthcare
FACT.NS,901.0,58301,Basic Materials
FAIRCHEMOR.NS,558.1,702,Basic Materials
FAZE3Q.NS,446.0,1082,Consumer Cyclical
FCL.NS,23.0,2678,Basic Materials
FDC.NS,367.9,5989,Healthcare
FEDDERSHOL.NS,34.0,0,
FEDERALBNK.NS,287.6,70866,Financial Services
FEDFINA.NS,146.0,5464,Financial Services
FERMENTA.NS,309.9,0,
FIBERWEB.NS,37.65,108,Consumer Cyclical
FIEMIND.NS,2176.5,5728,Consumer Cyclical
FILATEX.NS,45.6,2024,Consumer Cyclical
FINCABLES.NS,990.2,15144,Industrials
FINEORG.NS,4622.0,14171,Basic Materials
FINKURVE.NS,72.49,1015,Financial Services
FINOPB.NS,126.8,1055,Financial Services
FINPIPE.NS,172.1,10641,Industrials
FIRSTCRY.NS,238.9,11590,Consumer Cyclical
FISCHER.NS,38.2,2500,Healthcare
FIVESTAR.NS,477.9,14106,Financial Services
FLAIR.NS,317.3,3344,Industrials
FLUOROCHEM.NS,3590.1,39437,Basic Materials
FMGOETZE.NS,467.6,2601,Consumer Cyclical
FOCUS.NS,79.0,530,Consumer Cyclical
FOODSIN.NS,64.59,474,Consumer Defensive
FORCEMOT.NS,19970.0,26312,Consumer Cyclical
FORTIS.NS,922.0,69607,Healthcare
FOSECOIND.NS,4704.0,3563,Basic Materials
FRACTAL.NS,935.25,16083,Technology
FRONTSP.NS,1435.0,0,
FSL.NS,213.5,14739,Technology
FUSION.NS,191.15,3091,Financial Services
GABRIEL.NS,1024.95,14722,Consumer Cyclical
GAEL.NS,155.49,7131,Consumer Defensive
GAIL.NS,163.72,107647,Utilities
GALAPREC.NS,742.0,949,Industrials
GALAXYSURF.NS,1869.0,6626,Basic Materials
GALLANTT.NS,854.9,20627,Basic Materials
GANDHAR.NS,138.55,1356,Energy
GANDHITUBE.NS,828.0,1006,Industrials
GANECOS.NS,1048.5,2806,Consumer Cyclical
GANESHBE.NS,100.0,719,Basic Materials
GANESHCP.NS,192.25,776,Consumer Defensive
GANESHHOU.NS,660.4,5506,Real Estate
GANGESSECU.NS,127.8,127,Consumer Defensive
GARFIBRES.NS,615.0,6104,Consumer Cyclical
GARUDA.NS,168.84,1570,Industrials
GATEWAY.NS,57.68,2881,Industrials
GAUDIUMIVF.NS,121.47,884,Healthcare
GCSL.NS,362.0,819,Financial Services
GEECEE.NS,295.5,617,Real Estate
GEEKAYWIRE.NS,26.3,274,Industrials
GEMAROMA.NS,163.5,854,Basic Materials
GENCON.NS,41.36,235,Industrials
GENESYS.NS,268.55,1122,Technology
GENUSPOWER.NS,311.94,8805,Industrials
GEOJITFSL.NS,64.73,1806,Financial Services
GESHIP.NS,1580.0,22557,Industrials
GFLLIMITED.NS,48.8,536,Financial Services
GHCL.NS,506.5,4656,Basic Materials
GHCLTEXTIL.NS,90.5,865,Consumer Cyclical
GICHSGFIN.NS,151.5,815,Financial Services
GICL.NS,41.0,459,Industrials
GICRE.NS,392.9,68930,Financial Services
GILLANDERS.NS,91.16,194,Consumer Defensive
GILLETTE.NS,7970.5,25972,Consumer Defensive
GINNIFILA.NS,41.76,357,Consumer Cyclical
GIPCL.NS,157.9,2450,Utilities
GKENERGY.NS,127.0,2575,Utilities
GKSL.NS,122.62,966,Healthcare
GKWLIMITED.NS,1655.0,987,Industrials
GLAND.NS,1762.0,29030,Healthcare
GLAXO.NS,2348.0,39776,Healthcare
GLENMARK.NS,2400.0,67728,Healthcare
GLOBAL.NS,102.25,520,Consumer Defensive
GLOBALVECT.NS,181.0,253,Industrials
GLOBECIVIL.NS,48.05,286,Industrials
GLOBUSSPR.NS,1109.9,3215,Consumer Defensive
GLOSTERLTD.NS,610.05,667,Consumer Cyclical
GLOTTIS.NS,58.03,536,Industrials
GMBREW.NS,957.0,2186,Consumer Defensive
GMDCLTD.NS,737.0,23436,Energy
GMMPFAUDLR.NS,903.0,4059,Industrials
GMRAIRPORT.NS,95.98,101345,Industrials
GMRP&UI.NS,106.2,8294,Energy
GNA.NS,428.5,1839,Consumer Cyclical
GNFC.NS,472.1,6937,Basic Materials
GNRL.NS,97.5,0,
GOACARBON.NS,373.95,342,Basic Materials
GOCLCORP.NS,324.05,1606,Basic Materials
GOCOLORS.NS,286.0,1504,Consumer Cyclical
GODAVARIB.NS,319.6,1635,Basic Materials
GODFRYPHLP.NS,2256.0,35189,Consumer Defensive
GODIGIT.NS,308.5,28514,Financial Services
GODREJAGRO.NS,600.0,11539,Consumer Defensive
GODREJCP.NS,1069.9,109476,Consumer Defensive
GODREJIND.NS,951.0,32030,Industrials
GODREJPROP.NS,1832.0,55181,Real Estate
GOKEX.NS,707.5,5182,Consumer Cyclical
GOKUL.NS,40.1,396,Consumer Defensive
GOKULAGRO.NS,233.7,6896,Consumer Defensive
GOLDENTOBC.NS,27.2,48,Consumer Defensive
GOLDIAM.NS,376.5,4251,Consumer Cyclical
GOLDTECH.NS,39.8,208,Technology
GOODLUCK.NS,1252.0,4161,Basic Materials
GOODYEAR.NS,782.45,1804,Consumer Cyclical
GOPAL.NS,271.25,3381,Consumer Defensive
GPIL.NS,296.75,19295,Basic Materials
GPPL.NS,155.61,7525,Industrials
GPTHEALTH.NS,137.5,1128,Healthcare
GPTINFRA.NS,113.41,1433,Industrials
GRANDOAK.NS,30.5,0,
GRANULES.NS,701.0,17370,Healthcare
GRAPHITE.NS,703.9,13752,Industrials
GRASIM.NS,2794.0,189481,Basic Materials
GRAUWEIL.NS,69.68,3159,Basic Materials
GRAVISSHO.NS,27.3,0,
GRAVITA.NS,1626.9,11849,Industrials
GREAVESCOT.NS,165.5,3856,Industrials
GREENLAM.NS,228.15,5821,Consumer Cyclical
GREENPANEL.NS,229.14,2809,Basic Materials
GREENPLY.NS,264.35,3301,Basic Materials
GRINDWELL.NS,1561.0,17283,Industrials
GRINFRA.NS,931.0,9008,Industrials
GRMOVER.NS,165.5,3434,Consumer Defensive
GROBTEA.NS,920.0,106,Consumer Defensive
GROWW.NS,215.01,133125,Financial Services
GRPLTD.NS,1929.9,1029,Consumer Cyclical
GRSE.NS,2946.0,33747,Industrials
GRWRHITECH.NS,4000.5,9294,Basic Materials
GSFC.NS,170.89,6809,Basic Materials
GSLSU.NS,57.5,243,Basic Materials
GSPCROP.NS,422.7,1966,Basic Materials
GSPL.NS,285.3,16096,Utilities
GTECJAINX.NS,20.2,20,Consumer Defensive
GTPL.NS,67.11,754,Communication Services
GUFICBIO.NS,284.5,2853,Healthcare
GUJALKALI.NS,797.0,5852,Basic Materials
GUJAPOLLO.NS,430.0,557,Industrials
GUJGASLTD.NS,380.95,26224,Utilities
GUJRAFFIA.NS,42.0,0,
GUJTHEM.NS,362.0,3951,Healthcare
GULFOILLUB.NS,987.0,4886,Basic Materials
GULFPETRO.NS,33.0,168,Energy
GULPOLY.NS,180.66,1123,Basic Materials
GVPIL.NS,604.35,4062,Industrials
GVT&D.NS,4475.0,114580,Industrials
HAL.NS,4330.0,289579,Industrials
HALDER.NS,236.32,293,Consumer Defensive
HALDYNGL.NS,107.65,0,
HALEOSLABS.NS,1473.1,445,Healthcare
HAPPSTMNDS.NS,373.3,5609,Technology
HAPPYFORGE.NS,1345.0,12690,Industrials
HARDWYN.NS,27.25,1330,Industrials
HARIOMPIPE.NS,333.1,1031,Basic Materials
HARRMALAYA.NS,223.0,411,Consumer Defensive
HARSHA.NS,386.6,3519,Industrials
HATSUN.NS,965.0,21495,Consumer Defensive
HAVELLS.NS,1243.0,77968,Industrials
HAWKINCOOK.NS,7495.0,0,Consumer Cyclical
HBESD.NS,71.45,0,Unknown
HBLENGINE.NS,797.6,22109,Industrials
HBSL.NS,63.05,45,Financial Services
HCC.NS,22.1,5789,Industrials
HCG.NS,576.9,8613,Healthcare
HCLTECH.NS,1201.4,325057,Technology
HDBFS.NS,658.85,54580,Financial Services
HDFCAMC.NS,2719.6,116526,Financial Services
HDFCBANK.NS,774.75,1192760,Financial Services
HDFCLIFE.NS,589.0,127063,Financial Services
HEALTHX.NS,280.4,891,Healthcare
HECPROJECT.NS,131.5,142,Industrials
HEG.NS,594.0,11462,Industrials
HEIDELBERG.NS,158.51,3592,Basic Materials
HEMIPROP.NS,128.47,3662,Real Estate
HERANBA.NS,218.03,872,Basic Materials
HERITGFOOD.NS,359.05,3331,Consumer Defensive
HEROMOTOCO.NS,5110.0,102245,Consumer Cyclical
HESTERBIO.NS,1625.0,1382,Healthcare
HEXATRADEX.NS,167.81,927,Financial Services
HEXT.NS,448.5,27334,Technology
HFCL.NS,115.96,17744,Technology
HGINFRA.NS,596.0,3884,Industrials
HGM.NS,53.48,67,Technology
HGS.NS,407.1,1893,Industrials
HIKAL.NS,188.2,2320,Healthcare
HILINFRA.NS,52.03,373,Industrials
HILTON.NS,23.0,118,Industrials
HIMATSEIDE.NS,88.29,1110,Consumer Cyclical
HINDALCO.NS,1037.0,231889,Basic Materials
HINDCOMPOS.NS,460.0,679,Consumer Cyclical
HINDCON.NS,23.23,118,Basic Materials
HINDCOPPER.NS,538.95,52117,Basic Materials
HINDOILEXP.NS,157.2,2078,Energy
HINDPETRO.NS,374.65,79718,Energy
HINDUNILVR.NS,2254.0,529597,Consumer Defensive
HINDWAREAP.NS,215.25,1800,Consumer Cyclical
HINDZINC.NS,596.0,251829,Basic Materials
HIRECT.NS,946.75,3253,Industrials
HISARMETAL.NS,153.99,83,Basic Materials
HITECH.NS,92.5,1875,Basic Materials
HITECHCORP.NS,140.0,240,Consumer Cyclical
HITECHGEAR.NS,614.0,1155,Consumer Cyclical
HLEGLAS.NS,320.9,2228,Industrials
HMAAGRO.NS,24.41,1222,Consumer Defensive
HMT.NS,61.0,7344,Industrials
HMVL.NS,65.88,484,Communication Services
HNDFDS.NS,491.05,5867,Industrials
HOMEFIRST.NS,1166.7,12176,Financial Services
HONASA.NS,340.1,11069,Consumer Defensive
HONAUT.NS,31100.0,27515,Industrials
HONDAPOWER.NS,2324.8,2358,Industrials
HPAL.NS,38.8,356,Basic Materials
HPIL.NS,135.0,154,Basic Materials
HPL.NS,355.0,2282,Industrials
HSCL.NS,608.5,30701,Basic Materials
HTMEDIA.NS,22.0,508,Communication Services
HUBTOWN.NS,201.16,2858,Real Estate
HUDCO.NS,224.0,44842,Financial Services
HUHTAMAKI.NS,180.0,1359,Consumer Cyclical
HYUNDAI.NS,1828.0,148532,Consumer Cyclical
ICDSLTD.NS,46.5,60,Real Estate
ICEMAKE.NS,800.0,1262,Industrials
ICICIAMC.NS,3283.0,162265,Financial Services
ICICIBANK.NS,1265.7,907060,Financial Services
ICICIGI.NS,1761.0,87806,Financial Services
ICICIPRULI.NS,513.5,74404,Financial Services
ICIL.NS,279.8,5541,Consumer Cyclical
ICRA.NS,5431.0,5240,Financial Services
IDBI.NS,76.0,81718,Financial Services
IDEAFORGE.NS,614.05,2658,Technology
IDFCFIRSTB.NS,69.75,60004,Financial Services
IEX.NS,125.33,11145,Financial Services
IFBAGRO.NS,879.0,823,Consumer Defensive
IFBIND.NS,1132.3,4587,Consumer Cyclical
IFCI.NS,58.55,15775,Financial Services
IFGLEXPOR.NS,189.4,1365,Basic Materials
IGARASHI.NS,385.0,1211,Consumer Cyclical
IGCL.NS,65.9,416,Basic Materials
IGIL.NS,344.5,14887,Basic Materials
IGL.NS,165.45,23163,Utilities
IGPL.NS,429.7,1323,Basic Materials
IIFL.NS,460.8,19594,Financial Services
IIFLCAPS.NS,313.5,9763,Financial Services
IITL.NS,169.0,381,Financial Services
IKIO.NS,155.05,1198,Technology
IKS.NS,1650.0,27656,Healthcare
IL&FSENGG.NS,26.3,344,Industrials
IMAGICAA.NS,45.3,2563,Communication Services
IMFA.NS,1500.0,8093,Basic Materials
IMPAL.NS,1019.0,1271,Consumer Cyclical
INA.NS,146.93,0,Technology
INCREDIBLE.NS,34.18,159,Basic Materials
INDBANK.NS,34.3,152,Financial Services
INDGN.NS,501.0,12039,Healthcare
INDHOTEL.NS,638.45,90879,Consumer Cyclical
INDIACEM.NS,393.5,18291,Basic Materials
INDIAGLYCO.NS,1043.0,6990,Basic Materials
INDIAMART.NS,2097.6,12603,Communication Services
INDIANB.NS,849.9,114478,Financial Services
INDIANCARD.NS,208.5,123,Consumer Cyclical
INDIANHUME.NS,325.2,1713,Industrials
INDIASHLTR.NS,811.1,8823,Financial Services
INDIGO.NS,4300.0,166258,Industrials
INDIGOPNTS.NS,862.0,4109,Basic Materials
INDIQUBE.NS,175.0,3709,Real Estate
INDNIPPON.NS,787.7,1781,Consumer Cyclical
INDOAMIN.NS,112.1,813,Basic Materials
INDOBORAX.NS,276.3,886,Basic Materials
INDOCO.NS,209.1,1927,Healthcare
INDOFARM.NS,137.72,661,Industrials
INDORAMA.NS,38.05,993,Consumer Cyclical
INDOSTAR.NS,202.0,3263,Financial Services
INDOTECH.NS,2702.3,2869,Industrials
INDOTHAI.NS,287.0,3674,Financial Services
INDOUS.NS,104.67,209,Basic Materials
INDPRUD.NS,6801.0,0,
INDRAMEDCO.NS,404.95,3712,Healthcare
INDSWFTLAB.NS,138.0,1198,Healthcare
INDTERRAIN.NS,30.14,152,Consumer Cyclical
INDUSINDBK.NS,920.0,71677,Financial Services
INDUSTOWER.NS,410.4,108228,Communication Services
INFOBEAN.NS,180.0,1745,Technology
INFY.NS,1182.6,478555,Technology
INGERRAND.NS,4425.0,13968,Industrials
INNOVACAP.NS,750.0,4291,Healthcare
INNOVANA.NS,399.0,824,Technology
INNOVISION.NS,321.1,764,Industrials
INOXGREEN.NS,179.95,7224,Utilities
INOXINDIA.NS,1459.0,13242,Industrials
INOXWIND.NS,100.95,17446,Industrials
INSECTICID.NS,699.9,2036,Basic Materials
INSPIRISYS.NS,83.0,328,Technology
INTELLECT.NS,745.95,10365,Technology
INTENTECH.NS,96.5,225,Technology
INTERARCH.NS,2097.9,3518,Industrials
INTLCONV.NS,77.0,491,Industrials
INVPRECQ.NS,601.0,0,
IOB.NS,35.04,67475,Financial Services
IOC.NS,142.44,201142,Energy
IOLCP.NS,94.01,2759,Healthcare
IONEXCHANG.NS,398.0,4892,Industrials
IPCALAB.NS,1527.0,38740,Healthcare
IPL.NS,150.0,1727,Basic Materials
IRB.NS,21.6,26088,Industrials
IRCON.NS,152.51,14343,Industrials
IRCTC.NS,541.5,43320,Consumer Cyclical
IREDA.NS,135.79,38146,Financial Services
IRFC.NS,104.69,136814,Financial Services
IRIS.NS,239.5,492,Technology
IRISDOREME.NS,35.51,606,Consumer Cyclical
IRMENERGY.NS,357.0,1465,Utilities
ISFT.NS,75.2,122,Consumer Cyclical
ISGEC.NS,1078.9,7933,Industrials
ISHANCH.NS,61.35,167,Basic Materials
ITC.NS,315.2,394928,Consumer Defensive
ITCHOTELS.NS,160.95,33525,Consumer Cyclical
ITDC.NS,583.0,5000,Consumer Cyclical
ITI.NS,300.95,28977,Technology
IVALUE.NS,257.0,1404,Technology
IVP.NS,140.3,144,Basic Materials
IWP.NS,34.0,0,
IXIGO.NS,166.25,7284,Consumer Cyclical
IZMO.NS,713.0,1066,Technology
J&KBANK.NS,129.85,14298,Financial Services
JAGRAN.NS,66.1,1438,Communication Services
JAGSNPHARM.NS,208.4,1399,Healthcare
JAIBALAJI.NS,78.65,7174,Basic Materials
JAICORPLTD.NS,115.0,2018,Basic Materials
JAINREC.NS,459.0,15839,Basic Materials
JAIPURKURT.NS,32.65,56,Consumer Cyclical
JAMNAAUTO.NS,121.65,4863,Consumer Cyclical
JARO.NS,417.05,924,Consumer Defensive
JASH.NS,420.0,2654,Industrials
JAYAGROGN.NS,196.11,588,Basic Materials
JAYBARMARU.NS,92.0,995,Consumer Cyclical
JAYKAY.NS,180.5,2351,Industrials
JAYNECOIND.NS,111.39,10815,Basic Materials
JAYSREETEA.NS,90.45,261,Consumer Defensive
JBCHEPHARM.NS,2049.8,32911,Healthcare
JBMA.NS,628.0,14851,Consumer Cyclical
JETFREIGHT.NS,20.35,94,Industrials
JGCHEM.NS,403.2,1579,Basic Materials
JINDALPHOT.NS,1104.1,1136,Financial Services
JINDALPOLY.NS,724.0,3170,Consumer Cyclical
JINDALSAW.NS,224.49,14313,Basic Materials
JINDALSTEL.NS,1229.9,125140,Basic Materials
JINDRILL.NS,539.0,1562,Energy
JINDWORLD.NS,26.09,2615,Consumer Cyclical
JIOFIN.NS,247.18,163216,Financial Services
JISLDVREQS.NS,24.19,1774,Industrials
JISLJALEQS.NS,32.54,2386,Industrials
JITFINFRA.NS,300.0,771,Industrials
JKCEMENT.NS,5298.5,40940,Basic Materials
JKIL.NS,519.0,3927,Industrials
JKIPL.NS,91.0,349,Industrials
JKLAKSHMI.NS,646.0,8019,Basic Materials
JKPAPER.NS,360.1,6529,Basic Materials
JKTYRE.NS,410.0,11819,Consumer Cyclical
JLHL.NS,1238.0,8117,Healthcare
JMA.NS,88.0,201,Consumer Cyclical
JMFINANCIL.NS,138.1,13208,Financial Services
JNKINDIA.NS,362.0,2025,Industrials
JOCIL.NS,126.55,112,Basic Materials
JPOLYINVST.NS,1115.0,1172,Financial Services
JSFB.NS,456.0,4802,Financial Services
JSL.NS,769.0,63361,Basic Materials
JSLL.NS,673.0,8365,Healthcare
JSWCEMENT.NS,122.51,16431,Basic Materials
JSWDULUX.NS,2952.9,13447,Unknown
JSWENERGY.NS,560.5,98430,Utilities
JSWHL.NS,12424.0,13788,Industrials
JSWINFRA.NS,272.8,56859,Industrials
JSWSTEEL.NS,1262.9,308227,Basic Materials
JTEKTINDIA.NS,136.8,3794,Consumer Cyclical
JTLIND.NS,78.4,3081,Basic Materials
JUBLCPL.NS,1685.0,2553,Basic Materials
JUBLFOOD.NS,479.0,31502,Consumer Cyclical
JUBLINGREA.NS,706.1,11136,Basic Materials
JUBLPHARMA.NS,930.5,14737,Healthcare
JUNIPER.NS,203.26,4522,Consumer Cyclical
JUSTDIAL.NS,531.0,4515,Communication Services
JWL.NS,283.0,12094,Industrials
JYOTHYLAB.NS,266.01,9768,Consumer Defensive
JYOTICNC.NS,751.95,17101,Industrials
KABRAEXTRU.NS,245.0,856,Industrials
KAJARIACER.NS,1180.0,18794,Industrials
KAKATCEM.NS,134.0,104,Basic Materials
KALAMANDIR.NS,101.64,1497,Consumer Cyclical
KALPATARU.NS,326.95,6732,Real Estate
KALYANI.NS,138.09,13,Consumer Cyclical
KALYANIFRG.NS,604.0,219,Consumer Cyclical
KALYANKJIL.NS,412.5,42600,Consumer Cyclical
KAMAHOLD.NS,2530.0,0,
KAMATHOTEL.NS,168.5,496,Consumer Cyclical
KAMDHENU.NS,23.0,648,Basic Materials
KANCHI.NS,409.0,0,
KANORICHEM.NS,88.0,384,Basic Materials
KANPRPLA.NS,210.99,506,Consumer Cyclical
KANSAINER.NS,196.0,15849,Basic Materials
KAPSTON.NS,346.0,1052,Industrials
KARMAENG.NS,52.45,60,Utilities
KARURVYSYA.NS,292.55,28278,Financial Services
KAUSHALYA.NS,910.0,31,Industrials
KAVDEFENCE.NS,64.35,386,Technology
KAYA.NS,259.9,394,Consumer Defensive
KAYNES.NS,4045.0,27115,Technology
KCP.NS,179.8,2318,Basic Materials
KCPSUGIND.NS,26.75,305,Consumer Defensive
KDDL.NS,2367.1,2911,Consumer Cyclical
KEC.NS,560.0,14907,Industrials
KECL.NS,128.0,850,Industrials
KEI.NS,4875.0,46605,Industrials
KENNAMET.NS,2743.0,6028,Industrials
KERNEX.NS,1344.9,2259,Technology
KEYFINSERV.NS,275.02,153,Financial Services
KFINTECH.NS,898.85,15509,Technology
KHADIM.NS,101.3,186,Consumer Cyclical
KHAICHEM.NS,54.94,532,Basic Materials
KHAITANLTD.NS,124.13,62,Industrials
KICL.NS,4740.0,2069,Financial Services
KILITCH.NS,154.23,539,Healthcare
KIMS.NS,665.45,26627,Healthcare
KINGFA.NS,4800.0,6504,Basic Materials
KIOCL.NS,405.0,24613,Basic Materials
KIRANVYPAR.NS,201.2,0,
KIRIINDUS.NS,411.5,2681,Basic Materials
KIRLFER.NS,435.0,6170,Industrials
KIRLOSBROS.NS,1735.0,13777,Industrials
KIRLOSENG.NS,1700.1,24713,Industrials
KIRLOSIND.NS,3299.0,3471,Industrials
KIRLPNU.NS,1490.2,9680,Industrials
KITEX.NS,164.0,3271,Consumer Cyclical
KKCL.NS,479.0,2951,Consumer Cyclical
KLBRENG-B.NS,509.0,0,
KMEW.NS,1770.0,4326,Industrials
KMSUGAR.NS,30.94,284,Consumer Defensive
KNAGRI.NS,181.79,454,Consumer Defensive
KNRCON.NS,125.79,3537,Industrials
KOHINOOR.NS,26.03,96,Consumer Defensive
KOKUYOCMLN.NS,93.0,932,Industrials
KOLTEPATIL.NS,384.0,3405,Real Estate
KOPRAN.NS,164.9,796,Healthcare
KOTAKBANK.NS,383.75,381695,Financial Services
KOTARISUG.NS,27.9,231,Consumer Defensive
KOTHARIPET.NS,133.73,786,Basic Materials
KOTHARIPRO.NS,71.85,428,Industrials
KOTIC.NS,187.55,0,
KOTYARK.NS,417.05,428,Basic Materials
KOVAI.NS,5640.0,6171,Healthcare
KPEL.NS,360.0,2433,Industrials
KPIGREEN.NS,444.5,8771,Utilities
KPIL.NS,1247.0,21295,Industrials
KPITTECH.NS,760.8,20711,Technology
KPL.NS,1567.2,0,
KPRMILL.NS,936.95,32092,Consumer Cyclical
KRBL.NS,366.35,8385,Consumer Defensive
KREBSBIO.NS,59.7,128,Healthcare
KRISHANA.NS,604.8,3739,Basic Materials
KRISHIVAL.NS,339.95,871,Consumer Defensive
KRISHNADEF.NS,1077.1,1514,Industrials
KRITI.NS,81.0,426,Industrials
KRITINUT.NS,98.8,495,Consumer Defensive
KRN.NS,1297.2,8062,Technology
KRONOX.NS,140.78,522,Basic Materials
KROSS.NS,183.49,1183,Consumer Cyclical
KRSNAA.NS,586.0,1900,Healthcare
KRYSTAL.NS,603.5,843,Industrials
KSB.NS,971.0,16899,Industrials
KSCL.NS,971.0,4956,Basic Materials
KSHINTL.NS,664.0,4498,Industrials
KSL.NS,853.5,3725,Basic Materials
KSOLVES.NS,307.0,728,Technology
KSR.NS,33.87,62,Consumer Cyclical
KTKBANK.NS,268.43,10151,Financial Services
KUANTUM.NS,78.5,685,Basic Materials
KWIL.NS,27.5,6461,Consumer Defensive
LAGNAM.NS,83.83,148,Consumer Cyclical
LAHOTIOV.NS,49.0,0,
LALPATHLAB.NS,1374.0,22942,Healthcare
LAMBODHARA.NS,104.5,108,Consumer Cyclical
LANCORHOL.NS,24.35,179,Real Estate
LANDMARK.NS,401.6,1665,Consumer Cyclical
LAOPALA.NS,179.0,1986,Consumer Cyclical
LATENTVIEW.NS,291.4,6029,Industrials
LATTEYS.NS,20.99,120,Industrials
LAURUSLABS.NS,1106.45,59746,Healthcare
LAXMIDENTL.NS,200.0,1099,Healthcare
LAXMIINDIA.NS,112.0,585,Financial Services
LEMERITE.NS,441.0,1074,Consumer Cyclical
LEMONTREE.NS,117.94,9339,Consumer Cyclical
LENSKART.NS,517.0,89396,Healthcare
LFIC.NS,143.0,42,Financial Services
LGBBROSLTD.NS,1774.9,5661,Consumer Cyclical
LGEINDIA.NS,1594.0,108196,Technology
LGHL.NS,258.0,1292,Consumer Cyclical
LIBERTSHOE.NS,253.58,432,Consumer Cyclical
LICHSGFIN.NS,554.8,30517,Financial Services
LICI.NS,799.0,505367,Financial Services
LIKHITHA.NS,214.0,844,Energy
LINC.NS,101.4,603,Industrials
LINCOLN.NS,644.0,1289,Healthcare
LINDEINDIA.NS,7350.0,62683,Basic Materials
LLOYDSENGG.NS,57.6,8490,Industrials
LLOYDSENT.NS,68.0,10380,Basic Materials
LLOYDSME.NS,1758.0,98897,Basic Materials
LMW.NS,14430.0,15415,Industrials
LODHA.NS,893.55,89258,Real Estate
LOKESHMACH.NS,248.1,496,Industrials
LORDSCHLO.NS,144.1,412,Basic Materials
LOTUSDEV.NS,143.0,6988,Industrials
LOTUSEYE.NS,118.1,245,Healthcare
LOVABLE.NS,73.88,109,Consumer Cyclical
LOYALTEX.NS,203.0,97,Consumer Cyclical
LT.NS,4021.0,553141,Industrials
LTF.NS,280.79,70350,Financial Services
LTFOODS.NS,429.0,14897,Consumer Defensive
LTM.NS,4270.0,126588,Technology
LTTS.NS,3636.0,38542,Technology
LUMAXIND.NS,5099.0,4766,Consumer Cyclical
LUMAXTECH.NS,1629.0,11102,Consumer Cyclical
LUPIN.NS,2312.3,105713,Healthcare
LUXIND.NS,1406.6,4229,Consumer Cyclical
LXCHEM.NS,144.81,4014,Basic Materials
LYKALABS.NS,59.7,213,Healthcare
M&M.NS,3094.2,371539,Consumer Cyclical
M&MFIN.NS,311.45,43275,Financial Services
MAANALU.NS,150.5,902,Basic Materials
MACPOWER.NS,1120.0,1120,Industrials
MADHAV.NS,39.29,35,Industrials
MADRASFERT.NS,68.82,1108,Basic Materials
MAFATIND.NS,135.95,0,Unknown
MAGADSUGAR.NS,526.5,741,Consumer Defensive
MAGNUM.NS,21.24,145,Basic Materials
MAHABANK.NS,78.5,60378,Financial Services
MAHAPEXLTD.NS,53.95,140,Financial Services
MAHASTEEL.NS,850.0,1396,Basic Materials
MAHEPC.NS,118.45,331,Industrials
MAHESHWARI.NS,51.39,152,Industrials
MAHLIFE.NS,339.2,7236,Real Estate
MAHLOG.NS,403.2,4000,Industrials
MAHSCOOTER.NS,12200.0,13942,Financial Services
MAHSEAMLES.NS,640.6,8583,Basic Materials
MAITHANALL.NS,987.5,2874,Basic Materials
MAJESAUT.NS,317.0,0,Real Estate
MALLCOM.NS,1094.0,682,Industrials
MALUPAPER.NS,32.5,56,Basic Materials
MAMATA.NS,417.1,1026,Industrials
MANAKALUCO.NS,37.03,242,Basic Materials
MANAKCOAT.NS,109.35,1157,Industrials
MANAKSIA.NS,59.0,386,Industrials
MANAKSTEEL.NS,70.74,463,Basic Materials
MANALIPETC.NS,53.36,917,Basic Materials
MANAPPURAM.NS,296.95,27893,Financial Services
MANBA.NS,108.4,544,Financial Services
MANCREDIT.NS,170.75,360,Financial Services
MANGALAM.NS,29.48,46,Healthcare
MANGLMCEM.NS,927.0,2548,Basic Materials
MANINDS.NS,530.0,3975,Basic Materials
MANINFRA.NS,120.3,4856,Industrials
MANKIND.NS,2244.0,92638,Healthcare
MANOMAY.NS,236.0,425,Consumer Cyclical
MANORAMA.NS,1489.8,8895,Consumer Defensive
MANORG.NS,455.0,389,Basic Materials
MANYAVAR.NS,427.4,10384,Consumer Cyclical
MAPMYINDIA.NS,923.9,5059,Technology
MARALOVER.NS,45.5,188,Consumer Cyclical
MARATHON.NS,470.0,3168,Real Estate
MARICO.NS,776.2,100568,Consumer Defensive
MARINE.NS,230.54,3058,Industrials
MARKOLINES.NS,150.0,330,Industrials
MARKSANS.NS,185.0,8383,Healthcare
MARSONS.NS,152.95,2632,Industrials
MARUTI.NS,13320.0,418784,Consumer Cyclical
MASFIN.NS,340.9,6185,Financial Services
MASKINVEST.NS,156.0,47,Financial Services
MASTEK.NS,1705.0,5285,Technology
MASTERTR.NS,81.73,1005,Financial Services
MATRIMONY.NS,419.15,866,Communication Services
MAWANASUG.NS,112.65,440,Consumer Defensive
MAXESTATES.NS,390.1,6376,Real Estate
MAXHEALTH.NS,992.0,96540,Healthcare
MAXIND.NS,155.01,814,Healthcare
MAYURUNIQ.NS,550.0,2389,Consumer Cyclical
MAZDA.NS,213.5,427,Industrials
MAZDOCK.NS,2738.0,110445,Industrials
MBAPL.NS,521.8,4572,Basic Materials
MBEL.NS,330.3,1887,Industrials
MBLINFRA.NS,26.0,401,Industrials
MCCHRLS-B.NS,690.0,0,
MCL.NS,58.55,158,Basic Materials
MCLEODRUSS.NS,54.5,569,Consumer Defensive
MCLOUD.NS,27.05,1593,Technology
MCX.NS,2969.0,75565,Financial Services
MEDANTA.NS,1120.0,30094,Healthcare
MEDIASSIST.NS,342.05,2555,Healthcare
MEDICAMEQ.NS,253.02,343,Healthcare
MEDICO.NS,42.0,348,Healthcare
MEDPLUS.NS,877.9,10535,Healthcare
MEESHO.NS,194.0,88726,Consumer Cyclical
MEGASTAR.NS,290.0,327,Consumer Defensive
MEIL.NS,298.28,824,Industrials
MENNPIS.NS,59.0,0,
MENONBE.NS,125.75,704,Consumer Cyclical
MERCANTILE.NS,23.15,0,
METROBRAND.NS,1021.9,27851,Consumer Cyclical
METROGLOBL.NS,134.5,165,Industrials
METROPOLIS.NS,476.9,9887,Healthcare
MFML.NS,24.61,26,Consumer Cyclical
MFSL.NS,1591.9,54938,Financial Services
MGL.NS,1132.75,11189,Utilities
MHLXMIRU.NS,185.0,196,Consumer Cyclical
MHRIL.NS,247.0,4981,Consumer Cyclical
MICEL.NS,43.3,1043,Technology
MIDHANI.NS,390.7,7319,Basic Materials
MIDWESTLTD.NS,1248.0,4512,Basic Materials
MINDACORP.NS,516.8,12163,Consumer Cyclical
MINDTECK.NS,202.0,645,Technology
MIRCELECTR.NS,33.1,1222,Consumer Cyclical
MIRZAINT.NS,32.57,450,Consumer Cyclical
MITCON.NS,79.1,139,Industrials
MMFL.NS,490.0,2365,Industrials
MMP.NS,247.35,628,Basic Materials
MMTC.NS,64.71,9706,Industrials
MOBIKWIK.NS,217.4,1711,Technology
MODINATUR.NS,379.9,505,Consumer Defensive
MODIRUBBER.NS,137.9,348,Real Estate
MODIS.NS,395.0,773,Real Estate
MODISONLTD.NS,166.33,539,Industrials
MODTHREAD.NS,47.45,165,Consumer Cyclical
MOHITIND.NS,23.6,33,Consumer Cyclical
MOIL.NS,310.05,6309,Basic Materials
MOL.NS,49.1,1248,Basic Materials
MOLDTECH.NS,127.41,367,Industrials
MOLDTKPAC.NS,564.1,1874,Consumer Cyclical
MONARCH.NS,293.1,2323,Financial Services
MONEYBOXX.NS,73.24,511,Financial Services
MONTECARLO.NS,561.9,1164,Consumer Cyclical
MOREPENLAB.NS,41.44,2270,Healthcare
MOSCHIP.NS,202.0,3917,Technology
MOTHERSON.NS,121.5,127954,Consumer Cyclical
MOTILALOFS.NS,805.95,48564,Financial Services
MOTOGENFIN.NS,24.33,94,Real Estate
MPHASIS.NS,2275.0,43410,Technology
MPSLTD.NS,1660.0,2817,Communication Services
MRF.NS,130000.0,55134,Consumer Cyclical
MRPL.NS,168.37,29508,Energy
MSPL.NS,35.74,2025,Basic Materials
MSTCLTD.NS,434.55,3059,Industrials
MSUMI.NS,40.8,27057,Consumer Cyclical
MTARTECH.NS,6680.0,20547,Industrials
MTNL.NS,31.35,1975,Communication Services
MUFIN.NS,113.35,2246,Financial Services
MUFTI.NS,77.68,507,Consumer Cyclical
MUKANDLTD.NS,137.0,1979,Basic Materials
MUKKA.NS,24.1,723,Consumer Defensive
MUKTAARTS.NS,60.7,137,Communication Services
MUNJALAU.NS,81.0,809,Consumer Cyclical
MUNJALSHOW.NS,129.41,517,Consumer Cyclical
MURUDCERA.NS,33.78,204,Industrials
MUTHOOTCAP.NS,206.2,339,Financial Services
MUTHOOTFIN.NS,3432.0,137783,Financial Services
MUTHOOTMF.NS,191.0,3204,Financial Services
MVGJL.NS,173.0,845,Consumer Cyclical
MWL.NS,352.5,1046,Basic Materials
NACLIND.NS,161.96,3804,Basic Materials
NAGREEKCAP.NS,31.3,39,Financial Services
NAGREEKEXP.NS,27.0,84,Consumer Cyclical
NAHARCAP.NS,250.2,418,Financial Services
NAHARINDUS.NS,117.3,506,Consumer Cyclical
NAHARPOLY.NS,252.26,620,Consumer Cyclical
NAHARSPING.NS,241.5,870,Consumer Cyclical
NAM-INDIA.NS,1010.0,64449,Financial Services
NARMADA.NS,33.99,128,Basic Materials
NATCAPSUQ.NS,155.0,160,Healthcare
NATCOPHARM.NS,1092.95,19575,Healthcare
NATHBIOGEN.NS,194.98,371,Basic Materials
NATIONALUM.NS,395.35,72611,Basic Materials
NATIONSTD.NS,1336.0,0,
NAUKRI.NS,970.1,62814,Communication Services
NAVA.NS,660.0,18678,Industrials
NAVINFLUOR.NS,6815.0,34951,Basic Materials
NAVKARCORP.NS,100.0,1505,Industrials
NAVNETEDUL.NS,145.17,3211,Communication Services
NAZARA.NS,263.55,9763,Communication Services
NBCC.NS,92.05,24853,Industrials
NBIFIN.NS,2030.0,599,Financial Services
NCC.NS,164.0,10296,Industrials
NCLIND.NS,176.67,799,Basic Materials
NDGL.NS,2650.0,264,Financial Services
NDLVENTURE.NS,119.12,401,Communication Services
NDRAUTO.NS,785.0,1872,Consumer Cyclical
NDTV.NS,78.75,888,Communication Services
NEAGI.NS,3245.9,0,
NELCAST.NS,142.18,1240,Industrials
NELCO.NS,700.3,1597,Technology
NEOGEN.NS,1630.0,4463,Basic Materials
NEPHROPLUS.NS,530.0,5318,Healthcare
NESCO.NS,1234.0,8694,Industrials
NESTLEIND.NS,1463.8,282266,Consumer Defensive
NETWEB.NS,4069.0,23169,Technology
NETWORK18.NS,34.43,5317,Communication Services
NEULANDLAB.NS,14902.0,19119,Healthcare
NEWGEN.NS,508.0,7170,Technology
NFL.NS,78.25,3838,Basic Materials
NGIL.NS,37.5,66,Consumer Defensive
NGLFINE.NS,2247.0,1388,Healthcare
NH.NS,1772.0,35989,Healthcare
NHPC.NS,83.5,83876,Utilities
NIACL.NS,160.84,26506,Financial Services
NIBE.NS,1076.0,1607,Industrials
NIBL.NS,31.95,77,Industrials
NIITLTD.NS,70.0,954,Consumer Defensive
NIITMTS.NS,309.0,4249,Consumer Defensive
NILE.NS,1670.0,0,
NILKAMAL.NS,1302.9,1950,Consumer Cyclical
NIMBSPROJ.NS,192.05,371,Unknown
NINSYS.NS,519.9,965,Technology
NIPPOBATRY.NS,334.0,250,Industrials
NIRAJ.NS,29.01,173,Industrials
NIRAJISPAT.NS,246.75,14,Consumer Cyclical
NIRLON.NS,571.0,0,Real Estate
NITCO.NS,87.8,2111,Industrials
NITINSPIN.NS,461.0,2591,Consumer Cyclical
NITIRAJ.NS,210.0,215,Technology
NITTAGELA.NS,971.1,0,Basic Materials
NIVABUPA.NS,78.58,14517,Financial Services
NKIND.NS,67.89,40,Consumer Defensive
NLCINDIA.NS,316.2,43845,Utilities
NMDC.NS,90.4,79478,Basic Materials
NOCIL.NS,179.99,3006,Basic Materials
NORBTEAEXP.NS,61.99,96,Consumer Defensive
NORTHARC.NS,259.1,4186,Financial Services
NOVAAGRI.NS,28.5,256,Basic Materials
NOVARTIND.NS,1030.0,2543,Healthcare
NPST.NS,1202.0,2506,Technology
NRAIL.NS,475.0,808,Basic Materials
NRBBEARING.NS,282.0,2733,Consumer Cyclical
NRL.NS,55.53,383,Industrials
NSIL.NS,5720.0,2937,Financial Services
NSLNISP.NS,42.79,12540,Basic Materials
NTPC.NS,399.9,387769,Utilities
NTPCGREEN.NS,110.49,93102,Utilities
NUCLEUS.NS,805.8,2121,Technology
NURECA.NS,265.12,265,Healthcare
NUVAMA.NS,1333.4,24273,Financial Services
NUVOCO.NS,295.5,10553,Basic Materials
NYKAA.NS,266.8,76395,Consumer Cyclical
OAL.NS,311.0,1046,Basic Materials
OBCL.NS,55.0,115,Industrials
OBEROIRLTY.NS,1668.8,60677,Real Estate
OCCLLTD.NS,98.45,491,Basic Materials
ODIGMA.NS,27.0,84,Communication Services
OFSS.NS,9736.0,84764,Technology
OIL.NS,490.0,79703,Energy
OILCOUNTUB.NS,62.51,324,Energy
OLAELEC.NS,36.55,15343,Consumer Cyclical
OLECTRA.NS,1239.0,10169,Industrials
OMAXAUTO.NS,131.0,280,Consumer Cyclical
OMAXE.NS,83.41,1531,Real Estate
OMFREIGHT.NS,83.4,280,Industrials
OMINFRAL.NS,92.21,888,Industrials
OMNI.NS,375.8,4647,Industrials
OMPOWER.NS,196.0,0,Industrials
ONEPOINT.NS,54.0,1417,Industrials
ONESOURCE.NS,1752.0,20085,Healthcare
ONGC.NS,298.8,375898,Energy
ONMOBILE.NS,55.96,594,Communication Services
ONWARDTEC.NS,242.0,544,Technology
OPTIEMUS.NS,417.55,3703,Technology
ORBTEXP.NS,166.23,440,Consumer Cyclical
ORCHPHARMA.NS,622.95,3159,Healthcare
ORICONENT.NS,65.0,1026,Consumer Cyclical
ORIENTBELL.NS,305.0,448,Industrials
ORIENTCEM.NS,144.5,2968,Basic Materials
ORIENTCER.NS,41.2,492,Basic Materials
ORIENTELEC.NS,185.0,3947,Consumer Cyclical
ORIENTHOT.NS,98.6,1760,Consumer Cyclical
ORIENTLTD.NS,67.05,67,Consumer Cyclical
ORIENTTECH.NS,275.5,1261,Technology
ORISSAMINE.NS,4218.0,2530,Basic Materials
ORKLAINDIA.NS,639.0,8753,Consumer Defensive
OSWALAGRO.NS,48.5,652,Real Estate
OSWALGREEN.NS,27.64,709,Financial Services
OSWALPUMPS.NS,411.0,4685,Industrials
PACEDIGITK.NS,171.55,3702,Technology
PAGEIND.NS,37190.0,41481,Consumer Cyclical
PAISALO.NS,49.9,4538,Financial Services
PAKKA.NS,95.5,429,Basic Materials
PALASHSECU.NS,96.95,96,Consumer Defensive
PALREDTEC.NS,40.05,48,Technology
PANACEABIO.NS,361.95,2216,Healthcare
PANACHE.NS,365.25,556,Technology
PANAMAPET.NS,281.0,1699,Energy
PANSARI.NS,296.25,516,Real Estate
PAR.NS,91.99,113,Healthcare
PARACABLES.NS,39.82,1215,Technology
PARADEEP.NS,129.14,13406,Basic Materials
PARAGMILK.NS,224.99,2812,Consumer Defensive
PARAS.NS,794.0,6398,Industrials
PARKHOSPS.NS,231.5,9999,Healthcare
PARKHOTELS.NS,123.6,2637,Consumer Cyclical
PASHUPATI.NS,88.15,1391,Consumer Cyclical
PASUPTAC.NS,49.41,440,Consumer Cyclical
PATANJALI.NS,458.95,49938,Consumer Defensive
PATELENG.NS,28.34,2706,Industrials
PATELRMART.NS,211.99,708,Consumer Cyclical
PAUSHAKLTD.NS,470.0,1158,Basic Materials
PAYTM.NS,1095.95,70152,Technology
PCBL.NS,288.99,11370,Basic Materials
PDMJEPAPER.NS,84.0,797,Basic Materials
PDSL.NS,276.25,3915,Industrials
PEARLPOLY.NS,20.84,35,Consumer Cyclical
PENIND.NS,167.5,2260,Industrials
PERSISTENT.NS,4804.0,75053,Technology
PETRONET.NS,279.0,41850,Energy
PFC.NS,449.0,148174,Financial Services
PFIZER.NS,4705.2,21525,Healthcare
PFOCUS.NS,308.15,23912,Communication Services
PFS.NS,31.16,2001,Financial Services
PGEL.NS,535.5,15287,Technology
PGHH.NS,10179.0,33041,Consumer Defensive
PGHL.NS,5200.0,8631,Healthcare
PGIL.NS,1542.2,7116,Consumer Cyclical
PHOENIXLTD.NS,1768.1,63234,Real Estate
PICCADIL.NS,606.0,5973,Consumer Defensive
PIDILITIND.NS,1378.1,140259,Basic Materials
PIGL.NS,112.75,238,Industrials
PIIND.NS,3080.0,46724,Basic Materials
PILANIINVS.NS,4690.0,5192,Financial Services
PINELABS.NS,195.5,22448,Technology
PIONEEREMB.NS,27.66,85,Consumer Cyclical
PIONRINV.NS,107.9,0,
PIRAMALFIN.NS,1992.9,45040,Financial Services
PITTIENG.NS,972.15,3588,Industrials
PIXTRANS.NS,1548.5,2109,Industrials
PKTEA.NS,790.0,244,Consumer Defensive
PLASTIBLEN.NS,166.5,432,Basic Materials
PLATIND.NS,235.19,1332,Basic Materials
PLAZACABLE.NS,40.75,178,Industrials
PML.NS,555.05,0,
PNB.NS,109.5,125847,Financial Services
PNBGILTS.NS,71.0,1278,Financial Services
PNBHOUSING.NS,1043.05,27176,Financial Services
PNC.NS,21.45,31,Communication Services
PNCINFRA.NS,213.01,5464,Industrials
PNGJL.NS,650.55,8828,Consumer Cyclical
PNGSREVA.NS,427.0,1353,Consumer Cyclical
POCL.NS,1382.1,4216,Basic Materials
PODDARMENT.NS,253.1,268,Basic Materials
POKARNA.NS,874.0,2709,Industrials
POLICYBZR.NS,1664.1,77080,Financial Services
POLYCAB.NS,8088.5,121772,Industrials
POLYMED.NS,1519.0,15414,Healthcare
POLYPLEX.NS,947.5,2974,Basic Materials
PONNIERODE.NS,306.3,263,Consumer Defensive
POONAWALLA.NS,419.0,36682,Financial Services
POWERGRID.NS,319.0,296689,Utilities
POWERICA.NS,488.0,6175,Industrials
POWERINDIA.NS,33570.0,149629,Industrials
POWERMECH.NS,2497.4,7895,Industrials
PPAP.NS,204.78,290,Consumer Cyclical
PPL.NS,209.1,500,Industrials
PPLPHARMA.NS,162.0,21438,Healthcare
PRABHA.NS,162.0,2374,Energy
PRADPME.NS,371.95,0,
PRAENG.NS,22.82,159,Real Estate
PRAJIND.NS,409.05,7518,Industrials
PRAKASH.NS,142.6,2553,Basic Materials
PRAVEG.NS,299.8,0,
PRECAM.NS,159.0,1510,Consumer Cyclical
PRECOT.NS,540.0,648,Consumer Cyclical
PRECWIRE.NS,425.0,7769,Industrials
PREMCO.NS,427.35,0,
PREMEXPLN.NS,561.0,3017,Basic Materials
PREMIERENE.NS,1014.0,45761,Technology
PREMIERPOL.NS,54.0,565,Basic Materials
PRESTIGE.NS,1409.2,60698,Real Estate
PRICOLLTD.NS,572.7,6980,Consumer Cyclical
PRIMESECU.NS,284.15,963,Financial Services
PRIMO.NS,23.0,557,Basic Materials
PRINCEPIPE.NS,258.0,2853,Industrials
PRITI.NS,45.5,60,Consumer Cyclical
PRIVISCL.NS,3354.7,13104,Basic Materials
PROSTARM.NS,157.51,927,Industrials
PROTEAN.NS,532.95,2164,Technology
PROZONER.NS,58.0,885,Real Estate
PRSMJOHNSN.NS,134.0,6744,Basic Materials
PRUDENT.NS,2830.0,11718,Financial Services
PSB.NS,24.94,17696,Financial Services
PSPPROJECT.NS,793.0,3143,Industrials
PTC.NS,210.27,6224,Utilities
PTCIL.NS,16139.0,24196,Industrials
PTL.NS,40.0,529,Real Estate
PUNJABCHEM.NS,1178.0,1444,Basic Materials
PURVA.NS,213.9,5072,Real Estate
PVP.NS,32.8,854,Industrials
PVRINOX.NS,1075.0,10556,Communication Services
PVSL.NS,101.11,719,Consumer Cyclical
PWL.NS,108.9,31142,Consumer Defensive
PYRAMID.NS,175.45,647,Consumer Cyclical
QPOWER.NS,1390.0,10764,Industrials
QUADFUTURE.NS,310.9,1243,Industrials
QUESS.NS,197.2,2944,Industrials
QUICKHEAL.NS,165.46,897,Technology
QUINT.NS,41.2,0,
RACE.NS,123.84,213,Industrials
RACLGEAR.NS,1267.0,1496,Consumer Cyclical
RADHIKAJWE.NS,64.2,758,Consumer Cyclical
RADIANTCMS.NS,41.81,446,Industrials
RADICO.NS,3435.0,45993,Consumer Defensive
RAILTEL.NS,321.78,10327,Communication Services
RAIN.NS,125.99,4237,Basic Materials
RAINBOW.NS,1251.0,12690,Healthcare
RAJESHEXPO.NS,118.66,3503,Consumer Cyclical
RAJOOENG.NS,58.27,1041,Industrials
RAJPALAYAM.NS,810.0,0,Unknown
RAJRATAN.NS,445.5,2261,Basic Materials
RAJRILTD.NS,21.11,1188,Consumer Cyclical
RAJSREESUG.NS,35.18,116,Consumer Defensive
RAJTV.NS,23.5,121,Communication Services
RALLIS.NS,265.0,5153,Basic Materials
RAMANEWS.NS,32.4,487,Consumer Defensive
RAMAPHO.NS,138.16,488,Basic Materials
RAMCOCEM.NS,930.0,21975,Basic Materials
RAMCOIND.NS,268.0,2327,Industrials
RAMCOSYS.NS,411.75,1542,Technology
RAMKY.NS,503.5,3484,Industrials
RAMRAT.NS,444.0,4144,Industrials
RANEHOLDIN.NS,1127.0,1609,Consumer Cyclical
RATEGAIN.NS,605.0,7144,Technology
RATNAMANI.NS,2646.0,18546,Basic Materials
RATNAVEER.NS,163.25,1107,Basic Materials
RAYMOND.NS,467.15,3108,Industrials
RAYMONDLSL.NS,797.8,4859,Consumer Cyclical
RAYMONDREL.NS,445.0,2961,Real Estate
RBA.NS,65.59,3823,Consumer Cyclical
RBLBANK.NS,337.9,20893,Financial Services
RBZJEWEL.NS,135.5,542,Consumer Cyclical
RCF.NS,129.3,7133,Basic Materials
RECLTD.NS,355.2,93532,Financial Services
REDINGTON.NS,215.0,16808,Technology
REDTAPE.NS,128.6,7109,Consumer Cyclical
REFEX.NS,263.0,3608,Energy
REGAAL.NS,82.65,849,Consumer Defensive
REGENCERAM.NS,47.0,124,Industrials
RELAXO.NS,300.3,7475,Consumer Cyclical
RELCHEMQ.NS,114.0,85,Consumer Cyclical
RELIABLE.NS,135.0,139,Technology
RELIANCE.NS,1436.0,1943262,Energy
RELIGARE.NS,220.5,7346,Financial Services
RELTD.NS,144.96,2589,Technology
REMSONSIND.NS,107.4,376,Consumer Cyclical
RENUKA.NS,29.3,6236,Consumer Defensive
REPCOHOME.NS,407.0,2546,Financial Services
REPL.NS,77.3,140,Industrials
REPRO.NS,358.95,514,Industrials
RESPONIND.NS,158.67,4230,Basic Materials
RGL.NS,100.0,1073,Consumer Cyclical
RHETAN.NS,29.35,2338,Basic Materials
RHIM.NS,404.95,8362,Industrials
RHL.NS,184.95,319,Consumer Cyclical
RICOAUTO.NS,113.0,1528,Consumer Cyclical
RIIL.NS,780.15,1178,Industrials
RISHABH.NS,473.0,1823,Technology
RITCO.NS,219.97,626,Industrials
RITES.NS,218.3,10491,Industrials
RKDL.NS,21.7,52,Consumer Defensive
RKEC.NS,34.96,83,Industrials
RKFORGE.NS,597.25,10837,Industrials
RKSWAMY.NS,84.95,428,Communication Services
RMC.NS,479.5,507,Industrials
RMDRIP.NS,21.88,936,Industrials
RML.NS,815.0,2252,Consumer Cyclical
ROHLTD.NS,342.15,938,Consumer Cyclical
ROLEXRINGS.NS,145.01,3949,Industrials
ROML.NS,45.15,67,Consumer Defensive
ROSSARI.NS,477.0,2642,Basic Materials
ROSSELLIND.NS,55.51,209,Industrials
ROSSTECH.NS,986.0,3731,Industrials
ROTO.NS,58.1,1097,Industrials
ROUTE.NS,526.5,3317,Communication Services
RPEL.NS,700.0,3214,Basic Materials
RPGLIFE.NS,2295.0,3795,Healthcare
RPOWER.NS,28.77,11898,Utilities
RPPINFRA.NS,80.84,400,Industrials
RPSGVENT.NS,852.0,2818,Technology
RPTECH.NS,453.35,2987,Technology
RRKABEL.NS,1571.0,17768,Industrials
RSDFIN.NS,84.35,0,
RSL.NS,138.38,1156,Basic Materials
RSSOFTWARE.NS,38.63,99,Technology
RSWM.NS,164.15,773,Consumer Cyclical
RSYSTEMS.NS,264.99,3140,Technology
RTNINDIA.NS,35.64,4921,Consumer Cyclical
RUBFILA.NS,73.0,396,Basic Materials
RUBICON.NS,964.1,15883,Healthcare
RUBYMILLS.NS,235.41,787,Consumer Cyclical
RUCHIRA.NS,116.35,347,Basic Materials
RUDRA.NS,21.0,210,Basic Materials
RUPA.NS,152.9,1216,Consumer Cyclical
RUSTOMJEE.NS,393.0,4961,Real Estate
RVHL.NS,42.0,257,Real Estate
RVNL.NS,298.1,62154,Industrials
RVTH.NS,585.0,179,Industrials
S&SPOWER.NS,408.9,504,Industrials
SAATVIKGL.NS,459.0,5834,Technology
SAFARI.NS,1407.0,6893,Consumer Cyclical
SAGARDEEP.NS,24.24,41,Basic Materials
SAGCEM.NS,180.0,2352,Basic Materials
SAGILITY.NS,41.88,19605,Healthcare
SAHLIBHFI.NS,81.75,252,Financial Services
SAHYADRI.NS,257.87,282,Industrials
SAIL.NS,184.95,76394,Basic Materials
SAILIFE.NS,1064.5,22569,Healthcare
SAIPARENT.NS,488.0,2155,Healthcare
SAKAR.NS,630.0,1382,Healthcare
SAKSOFT.NS,141.0,1802,Technology
SALONA.NS,261.75,137,Consumer Cyclical
SALSTEEL.NS,58.96,853,Basic Materials
SALZERELEC.NS,651.0,1151,Industrials
SAMBHV.NS,118.7,3497,Basic Materials
SAMHI.NS,156.0,3465,Consumer Cyclical
SAMMAANCAP.NS,145.38,16660,Financial Services
SAMPANN.NS,27.5,134,Basic Materials
SANATHAN.NS,450.0,3798,Consumer Cyclical
SANDESH.NS,1120.0,847,Communication Services
SANDHAR.NS,499.0,3010,Consumer Cyclical
SANDUMA.NS,210.27,10221,Basic Materials
SANGAMIND.NS,516.0,2544,Consumer Cyclical
SANGHVIMOV.NS,319.95,2769,Industrials
SANGINITA.NS,20.23,52,Basic Materials
SANOFI.NS,3405.0,7841,Healthcare
SANOFICONR.NS,4760.0,10978,Healthcare
SANSERA.NS,2527.0,15751,Consumer Cyclical
SANSTAR.NS,90.0,1640,Basic Materials
SAPPHIRE.NS,204.89,6592,Consumer Cyclical
SAPPL.NS,305.0,0,
SARDAEN.NS,591.0,20825,Basic Materials
SAREGAMA.NS,342.7,6578,Communication Services
SARLAPOLY.NS,90.5,755,Consumer Cyclical
SASKEN.NS,1316.0,1998,Technology
SATIA.NS,67.6,676,Basic Materials
SATIN.NS,175.5,1930,Financial Services
SAURASHCEM.NS,60.85,677,Basic Materials
SAYAJIHOTL.NS,277.0,0,Consumer Cyclical
SBC.NS,33.74,1606,Industrials
SBCL.NS,588.15,3387,Industrials
SBFC.NS,92.16,10190,Financial Services
SBGLP.NS,27.12,470,Real Estate
SBICARD.NS,645.0,61378,Financial Services
SBILIFE.NS,1820.0,182562,Financial Services
SBIN.NS,1071.95,989476,Financial Services
SCANSTL.NS,35.95,0,
SCHAEFFLER.NS,4135.0,64631,Consumer Cyclical
SCHAND.NS,161.88,570,Communication Services
SCHNEIDER.NS,1244.8,29763,Industrials
SCI.NS,305.0,14206,Industrials
SCILAL.NS,44.35,2065,Real Estate
SCODATUBES.NS,148.11,887,Basic Materials
SCPL.NS,381.0,405,Consumer Defensive
SDBL.NS,87.37,1816,Consumer Defensive
SEAMECLTD.NS,1594.9,4069,Industrials
SECMARK.NS,128.56,140,Industrials
SECURKLOUD.NS,23.37,78,Technology
SEDEMAC.NS,1852.0,8178,Consumer Cyclical
SEIL.NS,192.0,0,
SEJALLTD.NS,844.0,989,Industrials
SELMC.NS,32.5,107,Consumer Cyclical
SEMAC.NS,288.4,89,Industrials
SENCO.NS,313.4,5133,Consumer Cyclical
SENORES.NS,897.0,4131,Healthcare
SERVOTECH.NS,95.0,2145,Industrials
SESHAPAPER.NS,268.0,1690,Basic Materials
SETCO.NS,27.69,371,Consumer Cyclical
SETL.NS,139.7,2786,Industrials
SFL.NS,512.0,5565,Consumer Cyclical
SGFIN.NS,568.0,3742,Financial Services
SGIL.NS,550.0,854,Industrials
SGMART.NS,570.0,7182,Industrials
SHADOWFAX.NS,166.0,9677,Industrials
SHAHALLOYS.NS,69.89,138,Basic Materials
SHAILY.NS,2535.0,11649,Basic Materials
SHAKTIPUMP.NS,566.9,6995,Industrials
SHALBY.NS,164.17,1761,Healthcare
SHALPAINTS.NS,51.55,431,Basic Materials
SHANKARA.NS,121.99,295,Consumer Cyclical
SHANTIGEAR.NS,482.0,3698,Industrials
SHANTIGOLD.NS,200.0,1441,Consumer Cyclical
SHARDACROP.NS,1073.0,9680,Basic Materials
SHARDAMOTR.NS,860.0,4937,Consumer Cyclical
SHARDUL.NS,28.55,0,Financial Services
SHAREINDIA.NS,136.5,2986,Financial Services
SHBAJRG.NS,172.25,0,
SHEMAROO.NS,99.98,287,Communication Services
SHILCTECH.NS,5172.3,5917,Industrials
SHILPAMED.NS,409.95,8017,Healthcare
SHINDL.NS,148.25,0,
SHIVALIK.NS,260.69,411,Basic Materials
SHIVAMILLS.NS,60.25,52,Consumer Cyclical
SHIVATEX.NS,173.51,238,Consumer Cyclical
SHIVAUM.NS,355.0,482,Basic Materials
SHK.NS,145.45,2013,Basic Materials
SHOPERSTOP.NS,295.5,3253,Consumer Cyclical
SHRADHA.NS,36.79,215,Real Estate
SHREDIGCEM.NS,72.9,1077,Basic Materials
SHREECEM.NS,24290.0,87640,Basic Materials
SHREEJISPG.NS,404.35,6587,Industrials
SHREEPUSHK.NS,393.1,1271,Basic Materials
SHREERAMA.NS,46.5,620,Consumer Cyclical
SHREYANIND.NS,170.0,235,Basic Materials
SHRIKRISH.NS,43.1,0,Unknown
SHRINGARMS.NS,201.1,1939,Consumer Cyclical
SHRIPISTON.NS,3503.0,15430,Consumer Cyclical
SHRIRAMFIN.NS,938.5,220799,Financial Services
SHRIRAMPPS.NS,85.2,1453,Real Estate
SHYAMMETL.NS,870.0,24210,Basic Materials
SHYAMTEL.NS,22.62,25,Technology
SICAGEN.NS,53.5,211,Basic Materials
SICALLOG.NS,65.4,521,Industrials
SIEMENS.NS,3825.0,136216,Industrials
SIGACHI.NS,20.21,773,Healthcare
SIGIND.NS,50.4,148,Industrials
SIGMA.NS,45.47,467,Technology
SIGMAADV.NS,287.64,5069,Industrials
SIGNATURE.NS,864.9,12152,Real Estate
SIGNPOST.NS,255.0,1362,Communication Services
SIKA.NS,1039.9,0,
SILGO.NS,79.27,207,Consumer Cyclical
SILINV.NS,471.5,499,Financial Services
SILVERTUC.NS,164.9,2091,Technology
SIMPLEXINF.NS,238.01,1882,Industrials
SINCLAIR.NS,79.15,405,Consumer Cyclical
SINDHUTRAD.NS,23.48,3620,Industrials
SINGERIND.NS,72.03,0,
SINTERCOM.NS,72.1,198,Consumer Cyclical
SIRCA.NS,423.0,2408,Basic Materials
SIS.NS,352.0,4985,Industrials
SIYSIL.NS,572.9,2599,Consumer Cyclical
SJS.NS,1814.4,5805,Consumer Cyclical
SJVN.NS,79.06,31068,Utilities
SKFINDIA.NS,1717.0,8488,Industrials
SKFINDUS.NS,2205.0,10901,Industrials
SKIPPER.NS,476.1,5375,Industrials
SKMEGGPROD.NS,164.64,868,Consumer Defensive
SKYGOLD.NS,452.1,7001,Consumer Cyclical
SMARTLINK.NS,132.0,131,Technology
SMARTWORKS.NS,430.0,4913,Real Estate
SMCGLOBAL.NS,67.0,1402,Financial Services
SMLMAH.NS,3748.7,5424,Consumer Cyclical
SMLT.NS,75.1,102,Industrials
SMSPHARMA.NS,406.0,3802,Healthcare
SNOWMAN.NS,40.85,683,Industrials
SOBHA.NS,1431.0,15305,Real Estate
SOFTTECH.NS,405.0,560,Technology
SOLARA.NS,502.0,2418,Healthcare
SOLARINDS.NS,15470.0,139988,Basic Materials
SOLARWORLD.NS,198.2,1717,Technology
SOLEX.NS,1292.0,1395,Technology
SOMANYCERA.NS,470.0,1927,Industrials
SOMATEX.NS,109.95,373,Consumer Cyclical
SOMICONVEY.NS,111.49,135,Industrials
SONACOMS.NS,605.35,37643,Consumer Cyclical
SONAL.NS,104.4,0,
SONAMLTD.NS,51.98,208,Consumer Cyclical
SONATSOFTW.NS,255.0,7058,Technology
SOTL.NS,361.0,2475,Basic Materials
SOUTHBANK.NS,39.57,10357,Financial Services
SOUTHWEST.NS,239.0,712,Energy
SPAL.NS,812.0,2041,Consumer Cyclical
SPANDANA.NS,228.32,2023,Financial Services
SPARC.NS,142.5,4624,Healthcare
SPECIALITY.NS,104.0,501,Consumer Cyclical
SPECTRUM.NS,1215.0,1909,Industrials
SPENCERS.NS,34.75,312,Consumer Cyclical
SPIC.NS,71.0,1445,Basic Materials
SPLIL.NS,31.11,91,Consumer Cyclical
SPLPETRO.NS,755.0,14197,Basic Materials
SPMLINFRA.NS,206.53,1737,Industrials
SPORTKING.NS,148.0,1883,Consumer Cyclical
SRD.NS,44.95,287,Basic Materials
SREEL.NS,181.5,420,Consumer Cyclical
SRF.NS,2525.0,74842,Industrials
SRGHFL.NS,275.25,432,Financial Services
SRHHYPOLTD.NS,485.5,833,Basic Materials
SRM.NS,502.0,1152,Industrials
SRTL.NS,48.0,191,Consumer Cyclical
SSDL.NS,62.12,245,Consumer Cyclical
SSWL.NS,214.0,3366,Consumer Cyclical
STALLION.NS,150.5,1747,Basic Materials
STANLEY.NS,138.9,793,Consumer Cyclical
STAR.NS,1037.4,9561,Healthcare
STARCEMENT.NS,230.0,9296,Basic Materials
STARHEALTH.NS,526.0,30950,Financial Services
STARPAPER.NS,140.0,219,Basic Materials
STARTECK.NS,249.24,247,Financial Services
STCINDIA.NS,118.0,708,Industrials
STEELCAS.NS,294.0,2975,Basic Materials
STEELCITY.NS,83.36,125,Financial Services
STEL.NS,464.0,856,Financial Services
STERTOOLS.NS,245.0,890,Industrials
STLNETWORK.NS,27.88,1360,Communication Services
STLTECH.NS,295.3,14414,Technology
STOVEKRAFT.NS,547.1,1811,Consumer Cyclical
STUDDS.NS,495.95,1951,Consumer Cyclical
STYL.NS,240.5,3891,Technology
STYLAMIND.NS,2234.3,3789,Consumer Cyclical
STYLEBAAZA.NS,388.0,2895,Consumer Cyclical
STYRENIX.NS,2260.0,3976,Basic Materials
SUBROS.NS,776.0,5062,Consumer Cyclical
SUDARCOLOR.NS,349.9,807,Basic Materials
SUDARSCHEM.NS,917.0,7210,Basic Materials
SUDEEPPHRM.NS,710.9,8029,Healthcare
SUKHJITS.NS,179.99,562,Basic Materials
SULA.NS,174.6,1474,Consumer Defensive
SUMEETINDS.NS,30.0,1578,Consumer Cyclical
SUMICHEM.NS,419.25,20926,Basic Materials
SUMIT.NS,54.88,248,Real Estate
SUMMITSEC.NS,1557.0,1704,Financial Services
SUNCLAY.NS,1423.0,3137,Industrials
SUNDARMFIN.NS,4523.9,49859,Financial Services
SUNDRMBRAK.NS,616.0,242,Consumer Cyclical
SUNDRMFAST.NS,850.0,17860,Consumer Cyclical
SUNDROP.NS,664.45,2504,Consumer Defensive
SUNFLAG.NS,290.1,5228,Basic Materials
SUNPHARMA.NS,1810.0,434279,Healthcare
SUNTECK.NS,340.7,5002,Real Estate
SUNTV.NS,609.0,23999,Communication Services
SUPERHOUSE.NS,150.86,166,Consumer Cyclical
SUPRAJIT.NS,415.95,5705,Consumer Cyclical
SUPREME.NS,52.4,203,Real Estate
SUPREMEIND.NS,3629.1,46119,Industrials
SUPREMEINF.NS,77.5,755,Industrials
SUPRIYA.NS,697.0,5609,Healthcare
SURAJEST.NS,234.0,1121,Real Estate
SURAJLTD.NS,235.55,432,Basic Materials
SURAKSHA.NS,284.0,1479,Healthcare
SURANASOL.NS,28.0,137,Technology
SURYALA.NS,342.05,0,
SURYALAXMI.NS,58.94,110,Consumer Cyclical
SURYAROSNI.NS,251.74,5478,Basic Materials
SURYODAY.NS,153.0,1626,Financial Services
SUTLEJTEX.NS,38.3,635,Consumer Cyclical
SUVEN.NS,209.35,5520,Healthcare
SUYOG.NS,757.0,886,Communication Services
SUZLON.NS,55.64,76312,Industrials
SVLL.NS,598.0,687,Industrials
SWANCORP.NS,335.0,10500,Industrials
SWANDEF.NS,1830.0,9640,Industrials
SWARAJENG.NS,3968.0,4833,Consumer Cyclical
SWELECTES.NS,666.0,1034,Technology
SWIGGY.NS,272.0,70624,Consumer Cyclical
SWSOLAR.NS,208.6,4874,Technology
SYMPHONY.NS,850.0,5837,Consumer Cyclical
SYNGENE.NS,468.05,18808,Healthcare
SYRMA.NS,954.4,18384,Technology
SYSTMTXC.NS,70.59,965,Financial Services
TAALTECH.NS,2950.0,0,
TAINWALCHM.NS,203.0,190,Basic Materials
TAJGVK.NS,324.2,2032,Consumer Cyclical
TAKE.NS,42.69,624,Healthcare
TALBROAUTO.NS,330.0,2037,Consumer Cyclical
TAMBOLIIN.NS,150.0,0,
TANLA.NS,510.7,6750,Technology
TARACHAND.NS,63.85,503,Industrials
TARAPUR.NS,24.49,47,Industrials
TARC.NS,133.8,3948,Real Estate
TARIL.NS,333.0,9995,Industrials
TARMAT.NS,52.7,132,Industrials
TARSONS.NS,218.85,1164,Healthcare
TASTYBITE.NS,7000.0,1796,Consumer Defensive
TATACAP.NS,334.0,140837,Financial Services
TATACHEM.NS,806.5,20546,Basic Materials
TATACOMM.NS,1586.7,45220,Communication Services
TATACONSUM.NS,1147.7,113587,Consumer Defensive
TATAELXSI.NS,4132.4,25743,Technology
TATAINVEST.NS,719.5,36403,Financial Services
TATAPOWER.NS,445.5,142352,Utilities
TATASTEEL.NS,211.4,263654,Basic Materials
TATATECH.NS,581.0,23591,Technology
TATVA.NS,1310.0,3064,Basic Materials
TBOTEK.NS,1245.1,13264,Consumer Cyclical
TBZ.NS,146.0,974,Consumer Cyclical
TCC.NS,396.0,0,
TCI.NS,931.0,7144,Industrials
TCIEXP.NS,524.0,2013,Industrials
TCPLPACK.NS,2630.0,2388,Consumer Cyclical
TCS.NS,2474.8,895404,Technology
TDPOWERSYS.NS,1162.0,18153,Industrials
TEAMGTY.NS,263.69,237,Financial Services
TEAMLEASE.NS,1229.5,2061,Industrials
TECHM.NS,1473.8,130588,Technology
TECHNOE.NS,1282.0,14909,Industrials
TECHNVISN.NS,5976.0,0,
TEGA.NS,1677.7,12604,Industrials
TEJASNET.NS,413.7,7338,Technology
TEMBO.NS,600.95,929,Industrials
TENNIND.NS,619.0,0,Consumer Cyclical
TERASOFT.NS,340.75,426,Technology
TEXINFRA.NS,97.2,1238,Real Estate
TEXMOPIPES.NS,46.69,136,Industrials
TEXRAIL.NS,105.88,4307,Industrials
TFCILTD.NS,72.4,3351,Financial Services
THACKER.NS,1107.0,0,
THAKDEV.NS,141.45,0,
THANGAMAYL.NS,3952.0,12283,Consumer Cyclical
THEINVEST.NS,107.9,563,Financial Services
THEJO.NS,1790.0,1941,Industrials
THELEELA.NS,423.35,14138,Consumer Cyclical
THEMISMED.NS,97.75,907,Healthcare
THERMAX.NS,4065.0,45791,Industrials
THOMASCOOK.NS,93.5,4355,Consumer Cyclical
THOMASCOTT.NS,261.89,384,Consumer Cyclical
THYROCARE.NS,400.0,6366,Healthcare
TI.NS,465.0,11493,Consumer Defensive
TICL.NS,24.15,374,Industrials
TIGERLOGS.NS,35.0,370,Industrials
TIIL.NS,2469.0,5597,Industrials
TIINDIA.NS,2963.4,57357,Industrials
TIL.NS,198.93,1579,Industrials
TIMETECHNO.NS,194.25,9588,Consumer Cyclical
TIMEX.NS,342.0,0,Consumer Cyclical
TIMKEN.NS,3412.5,25668,Industrials
TINNARUBR.NS,722.95,1302,Basic Materials
TIPSFILMS.NS,375.35,162,Communication Services
TIPSMUSIC.NS,646.3,8261,Communication Services
TIRUMALCHM.NS,204.0,2459,Basic Materials
TIRUPATIFL.NS,44.68,528,Industrials
TITAGARH.NS,771.2,10386,Industrials
TITAN.NS,4388.0,389235,Consumer Cyclical
TMB.NS,736.0,11654,Financial Services
TMCV.NS,410.0,150975,Consumer Cyclical
TMPV.NS,342.4,126086,Consumer Cyclical
TNPETRO.NS,86.9,781,Basic Materials
TNPL.NS,151.17,1046,Basic Materials
TOKYOPLAST.NS,91.99,87,Consumer Cyclical
TOLINS.NS,109.28,431,Consumer Cyclical
TORNTPHARM.NS,4192.1,141879,Healthcare
TORNTPOWER.NS,1750.0,88183,Utilities
TOTAL.NS,56.15,90,Industrials
TOUCHWOOD.NS,73.3,81,Communication Services
TPLPLASTEH.NS,69.79,544,Consumer Cyclical
TRACXN.NS,32.3,344,Technology
TRANSPEK.NS,1162.0,0,Basic Materials
TRANSRAILL.NS,597.65,8023,Industrials
TRANSWORLD.NS,167.65,368,Industrials
TRAVELFOOD.NS,1265.7,16666,Consumer Cyclical
TREJHARA.NS,156.8,378,Technology
TREL.NS,26.95,662,Real Estate
TRENT.NS,4148.0,147456,Consumer Cyclical
TRF.NS,263.59,290,Industrials
TRIDENT.NS,25.98,13238,Consumer Cyclical
TRIGYN.NS,59.1,181,Technology
TRITURBINE.NS,573.8,18240,Industrials
TRIVENI.NS,413.0,9045,Consumer Defensive
TRUALT.NS,492.4,4222,Energy
TSFINV.NS,406.0,8960,Financial Services
TTKHLTCARE.NS,905.0,1278,Healthcare
TTKPRESTIG.NS,505.0,6916,Consumer Cyclical
TTML.NS,42.89,8384,Communication Services
TVSELECT.NS,461.0,867,Technology
TVSHLTD.NS,14217.0,28763,Consumer Cyclical
TVSMOTOR.NS,3492.0,165949,Consumer Cyclical
TVSSCS.NS,114.5,5051,Industrials
TVSSRICHAK.NS,3860.0,2955,Consumer Cyclical
TVTODAY.NS,114.0,680,Communication Services
UBL.NS,1455.2,38476,Consumer Defensive
UCAL.NS,100.1,221,Consumer Cyclical
UCOBANK.NS,26.88,33706,Financial Services
UDS.NS,157.74,1065,Industrials
UEL.NS,158.04,2108,Technology
UFBL.NS,347.5,1358,Consumer Cyclical
UFLEX.NS,446.4,3223,Consumer Cyclical
UFO.NS,71.51,277,Communication Services
UGARSUGAR.NS,43.3,487,Consumer Defensive
UGROCAP.NS,109.39,1671,Financial Services
UJJIVANSFB.NS,57.25,11128,Financial Services
ULTRACEMCO.NS,11597.0,341148,Basic Materials
ULTRAMAR.NS,410.05,0,Basic Materials
UMAEXPORTS.NS,25.0,84,Consumer Defensive
UMIYA-MRO.NS,86.5,161,Real Estate
UNICHEMLAB.NS,389.05,2739,Healthcare
UNIDT.NS,202.55,411,Energy
UNIECOM.NS,93.17,1047,Technology
UNIENTER.NS,107.3,746,Basic Materials
UNIMECH.NS,1002.1,5096,Industrials
UNIONBANK.NS,165.94,126672,Financial Services
UNIPARTS.NS,534.0,2408,Industrials
UNITDSPR.NS,1328.0,96598,Consumer Defensive
UNITEDPOLY.NS,31.59,725,Consumer Cyclical
UNITEDTEA.NS,528.75,264,Consumer Defensive
UNIVASTU.NS,69.0,248,Industrials
UNIVCABLES.NS,837.0,2904,Industrials
UNIVPHOTO.NS,491.45,537,Healthcare
UNOMINDA.NS,1114.0,64324,Consumer Cyclical
UPL.NS,642.35,54296,Basic Materials
URAVIDEF.NS,138.98,158,Consumer Cyclical
URBANCO.NS,150.6,23225,Technology
USHAMART.NS,448.0,13637,Basic Materials
USK.NS,24.0,132,Industrials
UTIAMC.NS,950.0,12209,Financial Services
UTLSOLAR.NS,295.8,9078,Technology
UTTAMSUGAR.NS,256.0,976,Consumer Defensive
V2RETAIL.NS,196.67,7171,Consumer Cyclical
VADILALIND.NS,4710.0,3385,Consumer Defensive
VAIBHAVGBL.NS,217.99,3640,Consumer Cyclical
VALIANTLAB.NS,78.95,428,Healthcare
VALIANTORG.NS,270.01,756,Basic Materials
VARDHACRLC.NS,38.65,310,Consumer Cyclical
VARROC.NS,529.85,8096,Consumer Cyclical
VASCONEQ.NS,41.49,963,Industrials
VASWANI.NS,58.88,194,Basic Materials
VBL.NS,516.3,174627,Consumer Defensive
VEDL.NS,273.0,106601,Basic Materials
VEEDOL.NS,1423.0,2418,Basic Materials
VELJAN.NS,1049.65,0,
VENKEYS.NS,1590.0,2239,Consumer Defensive
VENTIVE.NS,616.1,14388,Consumer Cyclical
VENUSPIPES.NS,1373.0,2844,Basic Materials
VENUSREM.NS,966.05,1292,Healthcare
VERANDA.NS,193.0,1856,Consumer Defensive
VERTOZ.NS,49.8,424,Technology
VESUVIUS.NS,514.0,10432,Industrials
VETO.NS,109.32,208,Industrials
VGL.NS,61.9,318,Consumer Cyclical
VGUARD.NS,333.0,14545,Industrials
VHL.NS,3365.0,1073,Financial Services
VHLTD.NS,140.5,951,Consumer Cyclical
VIDHIING.NS,299.7,1496,Basic Materials
VIDYAWIRES.NS,87.57,1862,Industrials
VIJAYA.NS,1131.95,11647,Healthcare
VIKRAMSOLR.NS,221.0,8007,Technology
VIKRAN.NS,72.2,1862,Industrials
VIMTALABS.NS,457.05,2046,Healthcare
VINATIORGA.NS,1325.0,13745,Basic Materials
VINCOFE.NS,136.2,1984,Consumer Defensive
VINDHYATEL.NS,1374.0,1628,Industrials
VINEETLAB.NS,37.7,72,Basic Materials
VINYLINDIA.NS,255.0,467,Basic Materials
VIPCLOTHNG.NS,21.4,192,Consumer Cyclical
VIPIND.NS,294.55,4184,Consumer Cyclical
VISAKAIND.NS,68.84,594,Industrials
VISASTEEL.NS,40.99,597,Basic Materials
VISHNU.NS,595.3,4007,Basic Materials
VITAL.NS,60.35,144,Basic Materials
VIYASH.NS,204.86,8941,Healthcare
VLSFINANCE.NS,234.99,737,Financial Services
VMART.NS,618.3,4912,Consumer Cyclical
VMM.NS,122.65,57317,Consumer Cyclical
VMSTMT.NS,49.5,245,Basic Materials
VOLTAMP.NS,11700.0,11837,Industrials
VOLTAS.NS,1438.0,47581,Consumer Cyclical
VPRPL.NS,45.1,564,Industrials
VRAJ.NS,129.3,426,Basic Materials
VRLLOG.NS,252.47,4416,Industrials
VSSL.NS,278.0,2687,Basic Materials
VSTIND.NS,258.79,4387,Consumer Defensive
VSTL.NS,128.9,244,Basic Materials
VSTTILLERS.NS,5240.8,4534,Industrials
VTL.NS,612.7,17724,Consumer Cyclical
WAAREEENER.NS,3129.9,90031,Technology
WAAREEINDO.NS,434.0,1805,Technology
WAAREERTL.NS,1019.0,10632,Utilities
WABAG.NS,1505.0,9377,Industrials
WAKEFIT.NS,138.06,4555,Consumer Cyclical
WALCHANNAG.NS,236.96,1609,Industrials
WANBURY.NS,255.0,890,Healthcare
WCIL.NS,103.05,1050,Industrials
WEALTH.NS,940.0,1001,Financial Services
WEBELSOLAR.NS,110.29,4788,Technology
WEIZMANIND.NS,82.23,127,Consumer Cyclical
WEL.NS,105.54,1414,Consumer Cyclical
WELCORP.NS,1265.0,33358,Basic Materials
WELENT.NS,524.75,7116,Industrials
WELINV.NS,1490.0,546,Financial Services
WELSPLSOL.NS,44.0,0,
WELSPUNLIV.NS,128.42,12274,Consumer Cyclical
WENDT.NS,6928.0,1385,Industrials
WESTLIFE.NS,476.65,7398,Consumer Cyclical
WEWIN.NS,54.5,55,Technology
WEWORK.NS,552.45,7579,Real Estate
WHEELS.NS,1209.85,2956,Consumer Cyclical
WHIRLPOOL.NS,985.0,12501,Consumer Cyclical
WILLAMAGOR.NS,27.79,30,Financial Services
WIMPLAST.NS,376.57,0,Consumer Cyclical
WINDLAS.NS,850.5,1795,Healthcare
WINDMACHIN.NS,285.0,2602,Industrials
WIPL.NS,155.0,131,Basic Materials
WIPRO.NS,201.2,210838,Technology
WOCKPHARMA.NS,1395.5,22675,Healthcare
WONDERLA.NS,527.95,3348,Consumer Cyclical
WORTHPERI.NS,132.5,208,Consumer Cyclical
WPIL.NS,430.0,0,
WSI.NS,71.75,544,Industrials
WSTCSTPAPR.NS,485.0,3203,Basic Materials
XCHANGING.NS,66.95,745,Technology
XELPMOC.NS,101.06,163,Technology
XPROINDIA.NS,1011.0,2372,Basic Materials
XTGLOBAL.NS,31.85,427,Technology
YASHO.NS,1500.0,1811,Basic Materials
YATHARTH.NS,820.0,7901,Healthcare
YATRA.NS,106.35,1668,Consumer Cyclical
YUKEN.NS,745.1,1012,Industrials
ZAGGLE.NS,241.0,3246,Technology
ZEEL.NS,89.98,8642,Communication Services
ZENITHEXPO.NS,215.0,116,Consumer Cyclical
ZENSARTECH.NS,514.45,11665,Technology
ZENTEC.NS,1673.0,15045,Industrials
ZFCVINDIA.NS,14604.0,27700,Consumer Cyclical
ZFSTEERING.NS,804.49,0,Consumer Cyclical
ZIMLAB.NS,85.2,456,Healthcare
ZODIAC.NS,328.0,0,
ZODIACLOTH.NS,77.6,213,Consumer Cyclical
ZOTA.NS,1306.0,3961,Healthcare
ZSARACOM.NS,9970.0,0,
ZUARI.NS,235.0,988,Basic Materials
ZUARIIND.NS,262.5,781,Industrials
ZYDUSLIFE.NS,893.0,89856,Healthcare
ZYDUSWELL.NS,508.5,16178,Consumer Defensive
